Date,Close,High,Low,Open,Volume,Log_Return,Simple_Return,Log_Return_pct
2023-01-03,18232.55078125,18251.94921875,18149.80078125,18163.19921875,208700,0.001927069632871597,0.00192892762485819,0.1927069632871597
2023-01-04,18042.94921875,18243.0,18020.599609375,18230.650390625,235200,-0.010453517612292944,-0.010399069487028845,-1.0453517612292944
2023-01-05,17992.150390625,18120.30078125,17892.599609375,18101.94921875,269900,-0.0028194100932680756,-0.0028154392892826285,-0.28194100932680755
2023-01-06,17859.44921875,18047.400390625,17795.55078125,18008.05078125,238200,-0.0074028372147649955,-0.007375503705446151,-0.7402837214764996
2023-01-09,18101.19921875,18141.400390625,17936.150390625,17952.55078125,257200,0.01344545509952314,0.013536251708490266,1.344545509952314
2023-01-10,17914.150390625,18127.599609375,17856.0,18121.30078125,283300,-0.010387266093937284,-0.010333504750958511,-1.0387266093937284
2023-01-11,17895.69921875,17976.349609375,17824.349609375,17924.25,259900,-0.0010305082936186098,-0.0010299775022909463,-0.10305082936186097
2023-01-12,17858.19921875,17945.80078125,17761.650390625,17920.849609375,227800,-0.0020976741216788596,-0.00209547554088918,-0.20976741216788597
2023-01-13,17956.599609375,17999.349609375,17774.25,17867.5,256700,0.0054949708747303715,0.005510095918388247,0.5494970874730372
2023-01-16,17894.849609375,18049.650390625,17853.650390625,18033.150390625,206200,-0.0034447734977776498,-0.003438847072569362,-0.34447734977776495
2023-01-17,18053.30078125,18072.05078125,17886.94921875,17922.80078125,219100,0.008815596703469526,0.008854568511824201,0.8815596703469526
2023-01-18,18165.349609375,18183.75,18032.44921875,18074.30078125,255800,0.00618737497867869,0.006206556323560042,0.618737497867869
2023-01-19,18107.849609375,18155.19921875,18063.75,18119.80078125,237800,-0.0031703874707042848,-0.003165367099256078,-0.31703874707042845
2023-01-20,18027.650390625,18145.44921875,18016.19921875,18115.599609375,237200,-0.004438812272184146,-0.004428975305189153,-0.4438812272184146
2023-01-23,18118.55078125,18162.599609375,18063.44921875,18118.44921875,202500,0.005029606393094338,0.005042276095628795,0.5029606393094338
2023-01-24,18118.30078125,18201.25,18078.650390625,18183.94921875,216900,-1.379810823647804e-05,-1.3798013043020418e-05,-0.001379810823647804
2023-01-25,17891.94921875,18100.599609375,17846.150390625,18093.349609375,257200,-0.012571672991636754,-0.01249297962501228,-1.2571672991636755
2023-01-27,17604.349609375,17884.75,17493.55078125,17877.19921875,476300,-0.016204838949638832,-0.016074246906178757,-1.6204838949638831
2023-01-30,17648.94921875,17709.150390625,17405.55078125,17541.94921875,432400,0.002530238851503625,0.0025334426073457816,0.2530238851503625
2023-01-31,17662.150390625,17735.69921875,17537.55078125,17731.44921875,398300,0.0007477066778470427,0.0007479862801675896,0.07477066778470427
2023-02-01,17616.30078125,17972.19921875,17353.400390625,17811.599609375,512900,-0.0025992997802722563,-0.0025959245256645946,-0.2599299780272256
2023-02-02,17610.400390625,17653.900390625,17445.94921875,17517.099609375,490100,-0.00033499535771969267,-0.0003349392530399564,-0.03349953577196926
2023-02-03,17854.05078125,17870.30078125,17584.19921875,17721.75,424100,0.013740758205234283,0.013835596307890219,1.3740758205234282
2023-02-06,17764.599609375,17823.69921875,17698.349609375,17818.55078125,282500,-0.005022725956678951,-0.005010133160870178,-0.5022725956678951
2023-02-07,17721.5,17811.150390625,17652.55078125,17790.099609375,354400,-0.0024290993398515346,-0.0024261514654264627,-0.24290993398515345
2023-02-08,17871.69921875,17898.69921875,17744.150390625,17750.30078125,291000,0.00843982073038998,0.008475536424681795,0.843982073038998
2023-02-09,17893.44921875,17916.900390625,17779.80078125,17885.5,260900,0.0012162679944837883,0.0012170079483646568,0.12162679944837883
2023-02-10,17856.5,17876.94921875,17801.0,17847.55078125,232000,-0.00206709283308457,-0.0020649578680046465,-0.206709283308457
2023-02-13,17770.900390625,17880.69921875,17719.75,17859.099609375,231300,-0.0048052775756446476,-0.00479375070002519,-0.48052775756446475
2023-02-14,17929.849609375,17954.55078125,17800.05078125,17840.349609375,244500,0.008904589905162998,0.0089443537049958,0.8904589905162997
2023-02-15,18015.849609375,18034.099609375,17853.80078125,17896.599609375,229300,0.004785004379327248,0.004796470794436125,0.47850043793272484
2023-02-16,18035.849609375,18134.75,18000.650390625,18094.75,230200,0.00110951785824931,0.0011101336008929596,0.110951785824931
2023-02-17,17944.19921875,18034.25,17884.599609375,17974.849609375,208100,-0.005094522761127012,-0.005081567689351307,-0.5094522761127012
2023-02-20,17844.599609375,18004.349609375,17818.400390625,17965.55078125,174600,-0.005565979846782634,-0.005550518480140765,-0.5565979846782634
2023-02-21,17826.69921875,17924.900390625,17800.30078125,17905.80078125,198200,-0.0010036299610954843,-0.001003126492992057,-0.10036299610954842
2023-02-22,17554.30078125,17772.5,17529.44921875,17755.349609375,204000,-0.015398310946496917,-0.015280363131582653,-1.5398310946496918
2023-02-23,17511.25,17620.05078125,17455.400390625,17574.650390625,240800,-0.0024554471223785586,-0.002452434977984641,-0.24554471223785587
2023-02-24,17465.80078125,17599.75,17421.80078125,17591.349609375,209400,-0.002598803690668268,-0.002595429723749043,-0.2598803690668268
2023-02-27,17392.69921875,17451.599609375,17299.0,17428.599609375,246400,-0.004194194796816341,-0.004185411445805309,-0.4194194796816341
2023-02-28,17303.94921875,17440.44921875,17255.19921875,17383.25,420900,-0.005115779048087727,-0.0051027157362857345,-0.5115779048087727
2023-03-01,17450.900390625,17467.75,17345.25,17360.099609375,272900,0.008456491641293511,0.008492348770636093,0.8456491641293511
2023-03-02,17321.900390625,17445.80078125,17306.0,17421.5,310700,-0.007419626196212839,-0.007392168719804415,-0.7419626196212838
2023-03-03,17594.349609375,17644.75,17427.69921875,17451.25,356200,0.015606186138582535,0.015728598629827895,1.5606186138582536
2023-03-06,17711.44921875,17799.94921875,17671.94921875,17680.349609375,362800,0.006633473404126094,0.006655523618366965,0.6633473404126093
2023-03-08,17754.400390625,17766.5,17602.25,17665.75,267000,0.0024221155475668,0.0024250512391459367,0.24221155475668
2023-03-09,17589.599609375,17772.349609375,17573.599609375,17772.05078125,262400,-0.009325598438082557,-0.009282249899975281,-0.9325598438082557
2023-03-10,17412.900390625,17451.5,17324.349609375,17443.80078125,235900,-0.010096462811863625,-0.010045664635585094,-1.0096462811863625
2023-03-13,17154.30078125,17529.900390625,17113.44921875,17421.900390625,254900,-0.014962416687813755,-0.014851035931626178,-1.4962416687813755
2023-03-14,17043.30078125,17224.650390625,16987.099609375,17160.55078125,290600,-0.006491706128142258,-0.006470680525861194,-0.6491706128142258
2023-03-15,16972.150390625,17211.349609375,16938.900390625,17166.44921875,248200,-0.004183422059139645,-0.004174683738684903,-0.4183422059139645
2023-03-16,16985.599609375,17062.44921875,16850.150390625,16994.650390625,349800,0.0007921148752918237,0.0007924286811309411,0.07921148752918238
2023-03-17,17100.05078125,17145.80078125,16958.150390625,17111.80078125,408100,0.0067155298897271865,0.006738129621978839,0.6715529889727186
2023-03-20,16988.400390625,17066.599609375,16828.349609375,17066.599609375,241800,-0.006550651968001941,-0.0065292432199922645,-0.6550651968001941
2023-03-21,17107.5,17127.69921875,17016.0,17060.400390625,246700,0.006986182644570191,0.007010642946744028,0.6986182644570191
2023-03-22,17151.900390625,17207.25,17107.849609375,17177.44921875,0,0.002592013577443892,0.0025953757489405316,0.2592013577443892
2023-03-23,17076.900390625,17205.400390625,17045.30078125,17097.400390625,219200,-0.0043822814890137705,-0.004372693304643627,-0.43822814890137707
2023-03-24,16945.05078125,17109.44921875,16917.349609375,17076.19921875,228000,-0.007750894050448838,-0.007720933328590696,-0.7750894050448838
2023-03-27,16985.69921875,17091.0,16918.55078125,16984.30078125,218400,0.002395965721106003,0.0023988383407489433,0.2395965721106003
2023-03-28,16951.69921875,17061.75,16913.75,17031.75,238800,-0.0020036899079230227,-0.002001683861354908,-0.20036899079230228
2023-03-29,17080.69921875,17126.150390625,16940.599609375,16977.30078125,345900,0.0075810476927372725,0.007609856589321451,0.7581047692737273
2023-03-31,17359.75,17381.599609375,17204.650390625,17210.349609375,263900,0.016205182818433635,0.016337198944623932,1.6205182818433634
2023-04-03,17398.05078125,17428.05078125,17312.75,17427.94921875,230200,0.002203867672376198,0.002206297973761151,0.2203867672376198
2023-04-05,17557.05078125,17570.55078125,17402.69921875,17422.30078125,248300,0.00909744726853034,0.009138954817361267,0.909744726853034
2023-04-06,17599.150390625,17638.69921875,17502.849609375,17533.849609375,242700,0.002395004471214228,0.002397874785437182,0.2395004471214228
2023-04-10,17624.05078125,17694.099609375,17597.94921875,17634.900390625,254800,0.0014138632460749291,0.0014148632219350699,0.1413863246074929
2023-04-11,17722.30078125,17748.75,17655.150390625,17704.80078125,304300,0.005559286811614234,0.005574768321964241,0.5559286811614235
2023-04-12,17812.400390625,17825.75,17717.25,17759.55078125,232800,0.005071088231309614,0.005083967961446945,0.5071088231309614
2023-04-13,17828.0,17842.150390625,17729.650390625,17807.30078125,285800,0.0008753891763391581,0.0008757724412713497,0.0875389176339158
2023-04-17,17706.849609375,17863.0,17574.05078125,17863.0,357400,-0.00681870678285114,-0.006795512150830185,-0.6818706782851139
2023-04-18,17660.150390625,17766.599609375,17610.19921875,17766.599609375,258900,-0.0026408372714739102,-0.0026373533282438855,-0.26408372714739103
2023-04-19,17618.75,17666.150390625,17579.849609375,17653.349609375,281500,-0.0023470351496987078,-0.002344283016240789,-0.23470351496987077
2023-04-20,17624.44921875,17684.44921875,17584.349609375,17638.599609375,215100,0.00032342232975522987,0.0003234746363958152,0.03234223297552299
2023-04-21,17624.05078125,17663.19921875,17553.94921875,17639.75,230200,-2.260734499433094e-05,-2.260708945023282e-05,-0.002260734499433094
2023-04-24,17743.400390625,17754.5,17612.5,17707.55078125,255700,0.006749146939408538,0.006771973756565242,0.6749146939408538
2023-04-25,17769.25,17807.44921875,17716.849609375,17761.55078125,297400,0.0014557975062981768,0.0014568576938982503,0.14557975062981768
2023-04-26,17813.599609375,17827.75,17711.19921875,17767.30078125,233000,0.002492753268886545,0.0024958627615121465,0.24927532688865447
2023-04-27,17915.05078125,17931.599609375,17797.900390625,17813.099609375,241400,0.005678996739265909,0.005695152810193838,0.5678996739265909
2023-04-28,18065.0,18089.150390625,17885.30078125,17950.400390625,290300,0.008335179280697748,0.008370013603697934,0.8335179280697748
2023-05-02,18147.650390625,18180.25,18101.75,18124.80078125,265200,0.004564732669242972,0.004575166931912511,0.4564732669242972
2023-05-03,18089.849609375,18116.349609375,18042.400390625,18113.80078125,226200,-0.003190111363585117,-0.00318502836487633,-0.3190111363585117
2023-05-04,18255.80078125,18267.44921875,18066.69921875,18081.0,226600,0.009131894646700034,0.009173717607303677,0.9131894646700034
2023-05-05,18069.0,18216.94921875,18055.44921875,18117.30078125,239700,-0.010285117822267788,-0.010232406865540389,-1.0285117822267789
2023-05-08,18264.400390625,18286.94921875,18100.30078125,18120.599609375,228400,0.010756068652657526,0.010814123118324304,1.0756068652657527
2023-05-09,18265.94921875,18344.19921875,18229.650390625,18303.400390625,245400,8.479678637020549e-05,8.480038171931881e-05,0.008479678637020548
2023-05-10,18315.099609375,18326.75,18211.94921875,18313.599609375,220500,0.0026872067245805376,0.0026908205008338015,0.26872067245805376
2023-05-11,18297.0,18389.69921875,18270.400390625,18357.80078125,248900,-0.0009887229108728535,-0.0009882342854272697,-0.09887229108728535
2023-05-12,18314.80078125,18342.75,18194.55078125,18273.75,241700,0.0009724068345624825,0.0009728797753729701,0.09724068345624824
2023-05-15,18398.849609375,18458.900390625,18287.900390625,18339.30078125,216100,0.004578622613795238,0.004589120522186851,0.4578622613795238
2023-05-16,18286.5,18432.349609375,18264.349609375,18432.349609375,219500,-0.0061250587396132535,-0.006106338807060685,-0.6125058739613254
2023-05-17,18181.75,18309.0,18115.349609375,18300.44921875,229900,-0.005744738948538704,-0.005728269488420423,-0.5744738948538705
2023-05-18,18129.94921875,18297.19921875,18104.849609375,18287.5,272100,-0.0028531199312594804,-0.002849053652701161,-0.285311993125948
2023-05-19,18203.400390625,18218.099609375,18060.400390625,18186.150390625,260900,0.004043187469679982,0.0040513721791914925,0.4043187469679982
2023-05-22,18314.400390625,18335.25,18178.849609375,18201.099609375,262600,0.0060792457091855085,0.006097761825706316,0.6079245709185509
2023-05-23,18348.0,18419.75,18324.19921875,18362.900390625,270400,0.0018329197446846867,0.001834600568861644,0.18329197446846868
2023-05-24,18285.400390625,18392.599609375,18262.94921875,18294.80078125,232600,-0.003417628155656871,-0.0034117947119577385,-0.3417628155656871
2023-05-25,18321.150390625,18338.099609375,18202.400390625,18268.900390625,235900,0.0019532029433287895,0.001955111686716471,0.19532029433287895
2023-05-26,18499.349609375,18508.55078125,18333.150390625,18368.349609375,198700,0.009679423693686186,0.009726420827874671,0.9679423693686187
2023-05-29,18598.650390625,18641.19921875,18581.25,18619.150390625,265300,0.005353443226476252,0.005367798508963517,0.5353443226476252
2023-05-30,18633.849609375,18662.44921875,18575.5,18606.650390625,234400,0.0018907797884415813,0.0018925684396833287,0.18907797884415814
2023-05-31,18534.400390625,18603.900390625,18483.849609375,18594.19921875,696500,-0.005351312266430236,-0.0053370195013254795,-0.5351312266430236
2023-06-01,18487.75,18580.30078125,18464.55078125,18579.400390625,265600,-0.0025201353688439534,-0.0025169624936233204,-0.2520135368843953
2023-06-02,18534.099609375,18573.69921875,18478.400390625,18550.849609375,270900,0.002503906967370625,0.002507044360454902,0.25039069673706255
2023-06-05,18593.849609375,18640.150390625,18582.80078125,18612.0,256100,0.0032186023111129003,0.003223787573137793,0.32186023111129003
2023-06-06,18599.0,18622.75,18531.599609375,18600.80078125,220800,0.00027695595857881204,0.00027699431442118616,0.027695595857881204
2023-06-07,18726.400390625,18738.94921875,18636.0,18665.599609375,260100,0.006826497990157328,0.006849851638528914,0.6826497990157328
2023-06-08,18634.55078125,18777.900390625,18615.599609375,18725.349609375,286500,-0.004916887367083021,-0.0049048192636628185,-0.4916887367083021
2023-06-09,18563.400390625,18676.650390625,18555.400390625,18655.900390625,221800,-0.003825505177262602,-0.00381819725413457,-0.3825505177262602
2023-06-12,18601.5,18633.599609375,18559.75,18595.05078125,179500,0.0020503013499982166,0.0020524046550352004,0.20503013499982167
2023-06-13,18716.150390625,18728.900390625,18631.80078125,18631.80078125,233200,0.00614458574708609,0.0061635024393194016,0.614458574708609
2023-06-14,18755.900390625,18769.69921875,18690.0,18744.599609375,261400,0.002121582036807868,0.0021238341844009856,0.21215820368078678
2023-06-15,18688.099609375,18794.099609375,18669.05078125,18774.44921875,263000,-0.0036214536561356998,-0.0036149041015322014,-0.36214536561356997
2023-06-16,18826.0,18864.69921875,18710.5,18723.30078125,272800,0.007351956368470602,0.0073790483520230765,0.7351956368470602
2023-06-19,18755.44921875,18881.44921875,18719.150390625,18873.30078125,219800,-0.003754557931873424,-0.0037475183921172883,-0.3754557931873424
2023-06-20,18816.69921875,18839.69921875,18660.650390625,18752.349609375,211600,0.0032603966930515953,0.003265717567498605,0.32603966930515954
2023-06-21,18856.849609375,18875.900390625,18794.849609375,18849.400390625,217500,0.0021314905059401927,0.0021337637466720683,0.21314905059401928
2023-06-22,18771.25,18886.599609375,18759.5,18853.599609375,252700,-0.004549778379793411,-0.004539443817404343,-0.4549778379793411
2023-06-23,18665.5,18756.400390625,18647.099609375,18741.849609375,210600,-0.005649543898520234,-0.005633615236065759,-0.5649543898520234
2023-06-26,18691.19921875,18722.05078125,18646.69921875,18682.349609375,171300,0.0013758829522746805,0.0013768299134766515,0.13758829522746804
2023-06-27,18817.400390625,18829.25,18714.25,18748.55078125,222500,0.006729211402828641,0.00675190341711196,0.6729211402828641
2023-06-28,18972.099609375,19011.25,18861.349609375,18908.150390625,398800,0.008187463868637099,0.00822107281232487,0.8187463868637099
2023-06-30,19189.05078125,19201.69921875,19024.599609375,19076.849609375,247900,0.011370386219451868,0.01143527476356887,1.1370386219451867
2023-07-03,19322.55078125,19345.099609375,19234.400390625,19246.5,226100,0.006933003527425256,0.00695709243369369,0.6933003527425257
2023-07-04,19389.0,19434.150390625,19300.0,19406.599609375,226900,0.0034330468644171055,0.003438946519135566,0.3433046864417105
2023-07-05,19398.5,19421.599609375,19339.599609375,19405.94921875,224400,0.0004898485434720244,0.0004899685388621844,0.04898485434720244
2023-07-06,19497.30078125,19512.19921875,19373.0,19385.69921875,268300,0.005080291021865595,0.00509321758125636,0.5080291021865595
2023-07-07,19331.80078125,19523.599609375,19303.599609375,19422.80078125,237100,-0.008524585713268293,-0.00848835445771845,-0.8524585713268293
2023-07-10,19355.900390625,19435.849609375,19327.099609375,19400.349609375,268200,0.0012458539412885826,0.0012466303397029588,0.12458539412885826
2023-07-11,19439.400390625,19515.099609375,19406.44921875,19427.099609375,251300,0.004304651710725516,0.004313930032438185,0.4304651710725516
2023-07-12,19384.30078125,19507.69921875,19361.75,19497.44921875,327900,-0.00283845407345589,-0.002834429471475497,-0.283845407345589
2023-07-13,19413.75,19567.0,19385.80078125,19495.19921875,310400,0.0015180775225879406,0.0015192303855748879,0.15180775225879406
2023-07-14,19564.5,19595.349609375,19433.5,19493.44921875,291200,0.007735121594226721,0.007765114931427508,0.7735121594226722
2023-07-17,19711.44921875,19731.849609375,19562.94921875,19612.150390625,268700,0.007482946045497489,0.007511013251041421,0.7482946045497489
2023-07-18,19749.25,19819.44921875,19690.19921875,19787.5,286400,0.0019158704007220429,0.001917706853032497,0.19158704007220428
2023-07-19,19833.150390625,19851.69921875,19727.44921875,19802.94921875,259700,0.00423928389630214,0.004248282371482448,0.423928389630214
2023-07-20,19979.150390625,19991.849609375,19758.400390625,19831.69921875,274700,0.007334449485705515,0.007361412439498949,0.7334449485705514
2023-07-21,19745.0,19887.400390625,19700.0,19800.44921875,312500,-0.011788954585924888,-0.011719737128305097,-1.1788954585924887
2023-07-24,19672.349609375,19782.75,19658.30078125,19748.44921875,265600,-0.0036862180542648424,-0.0036794322929856182,-0.36862180542648426
2023-07-25,19680.599609375,19729.349609375,19615.94921875,19729.349609375,369700,0.00041928243166748923,0.0004193703428323481,0.041928243166748924
2023-07-26,19778.30078125,19825.599609375,19716.69921875,19733.349609375,244700,0.0049520574860006375,0.004964339187534694,0.4952057486000637
2023-07-27,19659.900390625,19867.55078125,19603.55078125,19850.900390625,334900,-0.006004368496797154,-0.0059863783008722304,-0.6004368496797154
2023-07-28,19646.05078125,19695.900390625,19563.099609375,19659.75,258700,-0.0007047080421790248,-0.0007044597937843067,-0.07047080421790247
2023-07-31,19753.80078125,19772.75,19597.599609375,19666.349609375,295100,0.005469577389253641,0.005484562836559181,0.5469577389253641
2023-08-01,19733.55078125,19795.599609375,19704.599609375,19784.0,298000,-0.0010256449710540406,-0.0010251191770254131,-0.10256449710540406
2023-08-02,19526.55078125,19678.25,19423.55078125,19655.400390625,290700,-0.010545154493387934,-0.010489749274959825,-1.0545154493387934
2023-08-03,19381.650390625,19537.650390625,19296.44921875,19463.75,315700,-0.007448355676119346,-0.007420685416911321,-0.7448355676119346
2023-08-04,19517.0,19538.849609375,19436.44921875,19462.80078125,280800,0.006959118337332752,0.006983389270114548,0.6959118337332753
2023-08-07,19597.30078125,19620.44921875,19524.80078125,19576.849609375,216600,0.004105960861445235,0.004114401867602702,0.41059608614452353
2023-08-08,19570.849609375,19634.400390625,19533.099609375,19627.19921875,260300,-0.0013506471779916257,-0.0013497354646058168,-0.13506471779916257
2023-08-09,19632.55078125,19645.5,19467.5,19578.80078125,266500,0.0031477485221408875,0.003152707884763739,0.31477485221408874
2023-08-10,19543.099609375,19623.599609375,19495.400390625,19605.55078125,312200,-0.004566679886024027,-0.004556268458015711,-0.4566679886024027
2023-08-11,19428.30078125,19557.75,19412.75,19554.25,235500,-0.005891456761763215,-0.005874136161590715,-0.5891456761763215
2023-08-14,19434.55078125,19465.849609375,19257.900390625,19383.94921875,243900,0.0003216439248586792,0.00032169565781225984,0.03216439248586792
2023-08-16,19465.0,19482.75,19317.19921875,19369.0,0,0.0015655309306883672,0.0015667570139761278,0.15655309306883672
2023-08-17,19365.25,19461.55078125,19326.25,19450.55078125,268700,-0.005137758290060533,-0.005124582584125403,-0.5137758290060533
2023-08-18,19310.150390625,19373.80078125,19253.599609375,19301.75,256100,-0.0028493381372506382,-0.0028452826260957353,-0.2849338137250638
2023-08-21,19393.599609375,19425.94921875,19296.30078125,19320.650390625,262600,0.0043122099570484,0.0043215209131937105,0.43122099570483996
2023-08-22,19396.44921875,19443.5,19381.30078125,19417.099609375,208700,0.00014692476375842436,0.00014693555773015454,0.014692476375842436
2023-08-23,19444.0,19472.05078125,19366.599609375,19439.19921875,225200,0.0024485198272942723,0.0024515199000461063,0.24485198272942724
2023-08-24,19386.69921875,19584.44921875,19369.0,19535.150390625,268300,-0.0029513155310064644,-0.002946964680621278,-0.2951315531006464
2023-08-25,19265.80078125,19339.55078125,19229.69921875,19297.400390625,466500,-0.0062556798015631025,-0.006236153774081932,-0.6255679801563102
2023-08-28,19306.05078125,19366.849609375,19249.69921875,19298.349609375,248200,0.0020870149074536447,0.002089194238900971,0.20870149074536445
2023-08-29,19342.650390625,19377.900390625,19309.099609375,19374.849609375,307400,0.0018939637920959618,0.0018957584743610756,0.18939637920959618
2023-08-30,19347.44921875,19452.80078125,19334.75,19433.44921875,233000,0.00024806491573087567,0.0002480956863764039,0.024806491573087567
2023-08-31,19253.80078125,19388.19921875,19223.650390625,19375.55078125,562600,-0.004852103039648143,-0.004840350603388277,-0.48521030396481435
2023-09-01,19435.30078125,19458.55078125,19255.69921875,19258.150390625,333000,0.009382556025202547,0.009426710188917609,0.9382556025202546
2023-09-04,19528.80078125,19545.150390625,19432.849609375,19525.05078125,296800,0.004799298621963187,0.004810833701642592,0.4799298621963187
2023-09-05,19574.900390625,19587.05078125,19525.75,19564.650390625,256800,0.002357814188949651,0.0023605960187407238,0.23578141889496507
2023-09-06,19611.05078125,19636.44921875,19491.5,19581.19921875,287600,0.0018450694598145603,0.0018467726478093027,0.18450694598145603
2023-09-07,19727.05078125,19737.0,19550.05078125,19598.650390625,304900,0.005897607236551244,0.005915032360780392,0.5897607236551244
2023-09-08,19819.94921875,19867.150390625,19727.05078125,19774.80078125,288100,0.004698136818212182,0.004709190366575022,0.46981368182121824
2023-09-11,19996.349609375,20008.150390625,19865.349609375,19890.0,248800,0.008860770587058942,0.008900143420050854,0.8860770587058941
2023-09-12,19993.19921875,20110.349609375,19914.650390625,20110.150390625,328100,-0.00015756069892455075,-0.0001575482868895195,-0.015756069892455076
2023-09-13,20070.0,20096.900390625,19944.099609375,19989.5,251400,0.003833986143147051,0.003841345269944396,0.38339861431470507
2023-09-14,20103.099609375,20167.650390625,20043.44921875,20127.94921875,275100,0.0016478497893743786,0.001649208239910216,0.16478497893743788
2023-09-15,20192.349609375,20222.44921875,20129.69921875,20156.44921875,438200,0.004429787863222843,0.004439613877174287,0.4429787863222843
2023-09-18,20133.30078125,20195.349609375,20115.69921875,20155.94921875,264900,-0.0029286010148227575,-0.002924316846098174,-0.29286010148227576
2023-09-20,19901.400390625,20050.650390625,19878.849609375,19980.75,378100,-0.011585098803333688,-0.011518249945432046,-1.1585098803333689
2023-09-21,19742.349609375,19848.75,19709.94921875,19840.55078125,275100,-0.00802404589005525,-0.007991939166498319,-0.802404589005525
2023-09-22,19674.25,19798.650390625,19657.5,19744.849609375,246400,-0.0034553806166447805,-0.003449417659114995,-0.34553806166447804
2023-09-25,19674.55078125,19734.150390625,19601.55078125,19678.19921875,188400,1.5287950028248088e-05,1.5288066889551644e-05,0.0015287950028248089
2023-09-26,19664.69921875,19699.349609375,19637.44921875,19682.80078125,204900,-0.0005008515772894238,-0.0005007261720755274,-0.050085157728942384
2023-09-27,19716.44921875,19730.69921875,19554.0,19637.05078125,203600,0.002628162551917123,0.002631619198663282,0.2628162551917123
2023-09-28,19523.55078125,19766.650390625,19492.099609375,19761.80078125,352800,-0.009831803841213342,-0.009783629666773708,-0.9831803841213342
2023-09-29,19638.30078125,19726.25,19551.05078125,19581.19921875,243500,0.005860311697675281,0.005877516917168757,0.5860311697675281
2023-10-03,19528.75,19623.19921875,19479.650390625,19622.400390625,221700,-0.005594042173129665,-0.005578424654468894,-0.5594042173129665
2023-10-04,19436.099609375,19457.80078125,19333.599609375,19446.30078125,277100,-0.004755597219883326,-0.004744307271330683,-0.47555972198833263
2023-10-05,19545.75,19576.94921875,19487.30078125,19521.849609375,234900,0.005625729970019748,0.005641584105285702,0.5625729970019748
2023-10-06,19653.5,19675.75,19589.400390625,19621.19921875,159100,0.005497568008546022,0.0055127073660514725,0.5497568008546022
2023-10-09,19512.349609375,19588.94921875,19480.5,19539.44921875,165100,-0.007207861089913015,-0.00718194675884698,-0.7207861089913015
2023-10-10,19689.849609375,19717.80078125,19565.44921875,19565.599609375,216600,0.0090556762901256,0.00909680297624016,0.9055676290125599
2023-10-11,19811.349609375,19839.19921875,19756.94921875,19767.0,213700,0.00615173136873013,0.006170692128707245,0.615173136873013
2023-10-12,19794.0,19843.30078125,19772.650390625,19822.69921875,217900,-0.0008761245971014768,-0.0008757409120068171,-0.08761245971014768
2023-10-13,19751.05078125,19805.400390625,19635.30078125,19654.55078125,255000,-0.002172167428733089,-0.0021698099802970328,-0.2172167428733089
2023-10-16,19731.75,19781.30078125,19691.849609375,19737.25,181000,-0.0009776805295215437,-0.0009772027556287366,-0.09776805295215436
2023-10-17,19811.5,19849.75,19775.650390625,19843.19921875,185800,0.004033563661320618,0.004041709427698992,0.40335636613206177
2023-10-18,19671.099609375,19840.94921875,19659.94921875,19820.44921875,198900,-0.007112043473065063,-0.007086812741337156,-0.7112043473065063
2023-10-19,19624.69921875,19681.80078125,19512.349609375,19545.19921875,230300,-0.002361596586600212,-0.0023588102112444,-0.2361596586600212
2023-10-20,19542.650390625,19593.80078125,19518.69921875,19542.150390625,198300,-0.004189660467809165,-0.004180896084593599,-0.41896604678091653
2023-10-23,19281.75,19556.849609375,19257.849609375,19521.599609375,176000,-0.01344022395196905,-0.013350307425555652,-1.344022395196905
2023-10-25,19122.150390625,19347.30078125,19074.150390625,19286.44921875,225300,-0.008311683270009834,-0.008277236732921023,-0.8311683270009834
2023-10-26,18857.25,19041.69921875,18837.849609375,19027.25,300400,-0.013949914095014037,-0.013853064912347501,-1.3949914095014038
2023-10-27,19047.25,19076.150390625,18926.650390625,18928.75,205200,0.010025278863763394,0.010075700327460302,1.0025278863763394
2023-10-30,19140.900390625,19158.5,18940.0,19053.400390625,180100,0.004904693073893485,0.004916740769664862,0.4904693073893485
2023-10-31,19079.599609375,19233.69921875,19056.44921875,19232.94921875,206000,-0.003207746304394414,-0.0032026069828995363,-0.3207746304394414
2023-11-01,18989.150390625,19096.05078125,18973.69921875,19064.05078125,194100,-0.004751896973195711,-0.004740624572936891,-0.4751896973195711
2023-11-02,19133.25,19175.25,19064.150390625,19120.0,245600,0.007559875254064636,0.007588523257266999,0.7559875254064636
2023-11-03,19230.599609375,19276.25,19210.900390625,19241.0,189500,0.005075080802081226,0.005087980838331285,0.5075080802081227
2023-11-06,19411.75,19423.0,19309.69921875,19345.849609375,180700,0.009375812778954773,0.00941990339899168,0.9375812778954773
2023-11-07,19406.69921875,19423.5,19329.099609375,19404.05078125,198700,-0.0002602258142791332,-0.000260191958478706,-0.026022581427913322
2023-11-08,19443.5,19464.400390625,19401.5,19449.599609375,195000,0.0018944969651071763,0.0018962926582819506,0.18944969651071764
2023-11-09,19395.30078125,19463.900390625,19378.349609375,19457.400390625,208400,-0.0024820150223140987,-0.002478937369815082,-0.24820150223140985
2023-11-10,19425.349609375,19451.30078125,19329.44921875,19351.849609375,152200,0.0015480850435944918,0.001549283945833313,0.15480850435944918
2023-11-13,19443.55078125,19494.400390625,19414.75,19486.75,189300,0.0009365417093074231,0.0009369804014345284,0.09365417093074231
2023-11-15,19675.44921875,19693.19921875,19579.650390625,19651.400390625,291500,0.011856190289938534,0.011926753508604282,1.1856190289938535
2023-11-16,19765.19921875,19875.25,19627.0,19674.69921875,282700,0.004551150068331243,0.004561522280999375,0.4551150068331243
2023-11-17,19731.80078125,19806.0,19667.44921875,19674.75,236800,-0.0016911889743673853,-0.0016897597201204206,-0.16911889743673852
2023-11-20,19694.0,19756.44921875,19670.5,19731.150390625,173800,-0.0019175662679732529,-0.0019157289123818977,-0.19175662679732527
2023-11-21,19783.400390625,19829.099609375,19754.05078125,19770.900390625,195000,0.004529201141300913,0.0045394734754240496,0.4529201141300913
2023-11-22,19811.849609375,19825.55078125,19703.849609375,19784.0,184500,0.0014370018446946907,0.0014380348265852216,0.14370018446946908
2023-11-23,19802.0,19875.150390625,19786.75,19828.44921875,170000,-0.0004972811112830416,-0.0004971574875239915,-0.049728111128304164
2023-11-24,19794.69921875,19832.849609375,19768.849609375,19809.599609375,145900,-0.0003687570669664962,-0.00036868908443588033,-0.03687570669664962
2023-11-28,19889.69921875,19916.849609375,19800.0,19844.650390625,229600,0.004787784883390938,0.004799264638990497,0.4787784883390938
2023-11-29,20096.599609375,20104.650390625,19956.30078125,19976.55078125,236200,0.010348656573869122,0.010402389113554511,1.0348656573869122
2023-11-30,20133.150390625,20158.69921875,20015.849609375,20108.5,486600,0.0018171025823992028,0.0018187545137213768,0.18171025823992026
2023-12-01,20267.900390625,20291.55078125,20183.69921875,20194.099609375,265800,0.00667064331563437,0.0066929416105065975,0.667064331563437
2023-12-04,20686.80078125,20702.650390625,20507.75,20601.94921875,381100,0.020457480483773903,0.020668169003769332,2.04574804837739
2023-12-05,20855.099609375,20864.05078125,20711.150390625,20808.900390625,421000,0.008102650447744338,0.008135565760247543,0.8102650447744337
2023-12-06,20937.69921875,20961.94921875,20852.150390625,20950.75,359200,0.003952820545223537,0.003960643244200535,0.39528205452235365
2023-12-07,20901.150390625,20941.25,20850.80078125,20932.400390625,275000,-0.0017471243957791426,-0.0017455990623970186,-0.17471243957791427
2023-12-08,20969.400390625,21006.099609375,20862.69921875,20934.099609375,292400,0.0032600507599202964,0.003265370504707432,0.32600507599202966
2023-12-11,20997.099609375,21026.099609375,20923.69921875,20965.30078125,212900,0.001320063516009915,0.001320935183362959,0.1320063516009915
2023-12-12,20906.400390625,21037.900390625,20867.150390625,21018.55078125,244900,-0.004328963470418101,-0.004319607014175553,-0.4328963470418101
2023-12-13,20926.349609375,20950.0,20769.5,20929.75,260300,0.0009537608817135473,0.0009542158562574343,0.09537608817135473
2023-12-14,21182.69921875,21210.900390625,21074.44921875,21110.400390625,334400,0.012175662163725103,0.012250087289956912,1.2175662163725103
2023-12-15,21456.650390625,21492.30078125,21235.30078125,21287.44921875,508800,0.012849864921501506,0.012932779200891975,1.2849864921501506
2023-12-18,21418.650390625,21482.80078125,21365.349609375,21434.80078125,249700,-0.0017725827811074615,-0.0017710126840955187,-0.17725827811074615
2023-12-19,21453.099609375,21505.05078125,21337.75,21477.650390625,249800,0.001607082806947435,0.0016083748565725031,0.1607082806947435
2023-12-20,21150.150390625,21593.0,21087.349609375,21543.5,363900,-0.014222122733049722,-0.01412146609423337,-1.4222122733049722
2023-12-21,21255.05078125,21288.349609375,20976.80078125,21033.94921875,277500,0.004947534816775346,0.004959794076523361,0.49475348167753463
2023-12-22,21349.400390625,21390.5,21232.44921875,21295.849609375,284700,0.004429103580375731,0.004438926556610712,0.4429103580375731
2023-12-26,21441.349609375,21477.150390625,21329.44921875,21365.19921875,219500,0.004297627887901326,0.004306875934107168,0.42976278879013263
2023-12-27,21654.75,21675.75,21495.80078125,21497.650390625,256500,0.009903547502138933,0.0099527499207277,0.9903547502138933
2023-12-28,21778.69921875,21801.44921875,21678.0,21715.0,393100,0.0057075621422148105,0.005723881307796219,0.570756214221481
2023-12-29,21731.400390625,21770.30078125,21676.900390625,21737.650390625,270900,-0.0021741548367498844,-0.0021717930740454694,-0.21741548367498845
2024-01-01,21741.900390625,21834.349609375,21680.849609375,21727.75,154000,0.0004830551173010514,0.00048317180721269004,0.04830551173010514
2024-01-02,21665.80078125,21755.599609375,21555.650390625,21751.349609375,263700,-0.0035062758581720864,-0.003500136051024061,-0.35062758581720865
2024-01-03,21517.349609375,21677.0,21500.349609375,21661.099609375,311900,-0.006875448193459907,-0.00685186637566948,-0.6875448193459908
2024-01-04,21658.599609375,21685.650390625,21564.55078125,21605.80078125,339200,0.006543017882762483,0.006564470186349425,0.6543017882762483
2024-01-05,21710.80078125,21749.599609375,21629.19921875,21705.75,309300,0.0024072823978970102,0.002410182228605562,0.240728239789701
2024-01-08,21513.0,21763.94921875,21492.900390625,21747.599609375,231500,-0.009152465005292239,-0.00911070868564301,-0.915246500529224
2024-01-09,21544.849609375,21724.44921875,21517.849609375,21653.599609375,228600,0.001479387172036867,0.0014804820050666745,0.1479387172036867
2024-01-10,21618.69921875,21641.849609375,21448.650390625,21529.30078125,217000,0.003421854015216792,0.0034277152411805734,0.3421854015216792
2024-01-11,21647.19921875,21726.5,21593.75,21688.0,212500,0.001317434984659037,0.0013183031833516878,0.1317434984659037
2024-01-12,21894.55078125,21928.25,21715.150390625,21773.55078125,294700,0.011361703346499745,0.011426492637705898,1.1361703346499745
2024-01-15,22097.44921875,22115.55078125,21963.55078125,22053.150390625,345500,0.009224398809286917,0.009267074694848665,0.9224398809286917
2024-01-16,22032.30078125,22124.150390625,21969.80078125,22080.5,292400,-0.002952587985615914,-0.0029482333845447517,-0.2952587985615914
2024-01-17,21571.94921875,21851.5,21550.44921875,21647.25,456000,-0.021115770473744744,-0.020894393512082443,-2.1115770473744746
2024-01-18,21462.25,21539.400390625,21285.55078125,21414.19921875,387300,-0.0050982455047793645,-0.0050852715087356115,-0.5098245504779364
2024-01-19,21622.400390625,21670.599609375,21575.0,21615.19921875,343100,0.007434254509367264,0.00746195718645537,0.7434254509367264
2024-01-23,21238.80078125,21750.25,21192.599609375,21716.69921875,449700,-0.017900098054810153,-0.01774084294273448,-1.7900098054810152
2024-01-24,21453.94921875,21482.349609375,21137.19921875,21185.25,407500,0.010079006802925212,0.010129971071150878,1.0079006802925212
2024-01-25,21352.599609375,21459.0,21247.05078125,21454.599609375,418100,-0.004735247364061254,-0.004724053755400193,-0.4735247364061254
2024-01-29,21737.599609375,21763.25,21429.599609375,21433.099609375,376700,0.01786996821930258,0.018030591452244726,1.7869968219302579
2024-01-30,21522.099609375,21813.05078125,21501.80078125,21775.75,375100,-0.009963166019046519,-0.009913698102483215,-0.9963166019046519
2024-01-31,21725.69921875,21741.349609375,21448.849609375,21487.25,410600,0.009415559590485083,0.009460025419002926,0.9415559590485083
2024-02-01,21697.44921875,21832.94921875,21658.75,21780.650390625,332500,-0.00130114950214822,-0.0013003033741542103,-0.130114950214822
2024-02-02,21853.80078125,22126.80078125,21805.55078125,21812.75,442800,0.007180149098767169,0.007205988175093214,0.7180149098767169
2024-02-05,21771.69921875,21964.30078125,21726.94921875,21921.05078125,440800,-0.0037639297855089193,-0.0037568550808078083,-0.37639297855089193
2024-02-06,21929.400390625,21951.400390625,21737.55078125,21825.19921875,371000,0.007217294659854949,0.007243402101531293,0.7217294659854949
2024-02-07,21930.5,22053.30078125,21860.150390625,22045.05078125,346300,5.014190025218764e-05,5.014315737827957e-05,0.0050141900252187645
2024-02-08,21717.94921875,22011.05078125,21665.30078125,22009.650390625,491100,-0.009739290405751649,-0.009692017110872975,-0.9739290405751648
2024-02-09,21782.5,21804.44921875,21629.900390625,21727.0,349200,0.0029678235415700974,0.0029722318898448563,0.29678235415700976
2024-02-12,21616.05078125,21831.69921875,21574.75,21800.80078125,287400,-0.007670764664605448,-0.0076414194307357075,-0.7670764664605448
2024-02-13,21743.25,21766.80078125,21543.349609375,21664.30078125,365800,0.005867234081485647,0.005884480011507653,0.5867234081485647
2024-02-14,21840.05078125,21870.849609375,21530.19921875,21578.150390625,359100,0.004442111482625561,0.004451992284961959,0.44421114826255614
2024-02-15,21910.75,21953.849609375,21794.80078125,21906.55078125,345400,0.003231907943473083,0.0032371361888359207,0.3231907943473083
2024-02-16,22040.69921875,22068.650390625,21968.94921875,22020.30078125,343900,0.005913324803860001,0.005930843022260657,0.5913324803860002
2024-02-19,22122.25,22186.650390625,22021.05078125,22103.44921875,0,0.0036931806134258504,0.0037000088082788096,0.36931806134258505
2024-02-20,22196.94921875,22215.599609375,22045.849609375,22099.19921875,295700,0.003370967472487328,0.0033766555730090353,0.3370967472487328
2024-02-21,22055.05078125,22249.400390625,21997.94921875,22248.849609375,364500,-0.006413220819374543,-0.006392700010330099,-0.6413220819374543
2024-02-22,22217.44921875,22252.5,21875.25,22081.55078125,343500,0.007336344949249518,0.0073633218581414805,0.7336344949249518
2024-02-23,22212.69921875,22297.5,22186.099609375,22290.0,226000,-0.000213818777795819,-0.0002137959201901074,-0.0213818777795819
2024-02-26,22122.05078125,22202.150390625,22075.150390625,22169.19921875,207800,-0.004089278221713085,-0.004080928508836235,-0.4089278221713085
2024-02-27,22198.349609375,22218.25,22085.650390625,22090.19921875,252200,0.003443060208267885,0.003448994348646428,0.3443060208267885
2024-02-28,21951.150390625,22229.150390625,21915.849609375,22214.099609375,203000,-0.011198396451173726,-0.011135927809948543,-1.1198396451173727
2024-02-29,21982.80078125,22060.55078125,21860.650390625,21935.19921875,360200,0.0014408171929075416,0.0014418556686905948,0.14408171929075417
2024-03-01,22338.75,22353.30078125,22047.75,22048.30078125,351500,0.0160624736924449,0.016192168700068565,1.60624736924449
2024-03-04,22405.599609375,22440.900390625,22358.30078125,22403.5,298800,0.0029880715530739466,0.0029925402887358565,0.29880715530739466
2024-03-05,22356.30078125,22416.900390625,22269.150390625,22371.25,296200,-0.0022027147028049303,-0.00220029050703785,-0.22027147028049304
2024-03-06,22474.05078125,22497.19921875,22224.349609375,22327.5,312300,0.0052531495595052715,0.005266971542034149,0.5253149559505271
2024-03-07,22493.55078125,22525.650390625,22430.0,22505.30078125,379900,0.0008672911404987264,0.0008676673462120199,0.08672911404987264
2024-03-11,22332.650390625,22526.599609375,22307.25,22517.5,277900,-0.007178885448103384,-0.007153178801771132,-0.7178885448103384
2024-03-12,22335.69921875,22452.55078125,22256.0,22334.44921875,299200,0.00013650954899359894,0.0001365188668460693,0.013650954899359894
2024-03-13,21997.69921875,22446.75,21905.650390625,22432.19921875,493300,-0.015248393356596964,-0.015132725270416536,-1.5248393356596965
2024-03-14,22146.650390625,22204.599609375,21917.5,21982.55078125,426700,0.006748394232673185,0.006771215952804832,0.6748394232673185
2024-03-15,22023.349609375,22120.900390625,21931.69921875,22064.849609375,661500,-0.005583024746448362,-0.005567468627318717,-0.5583024746448362
2024-03-18,22055.69921875,22123.69921875,21916.55078125,21990.099609375,356300,0.001467800056624233,0.0014688778023679294,0.1467800056624233
2024-03-19,21817.44921875,21978.30078125,21793.099609375,21946.44921875,344200,-0.010860963960358783,-0.010802196640288697,-1.0860963960358783
2024-03-20,21839.099609375,21930.900390625,21710.19921875,21843.900390625,312400,0.0009918508439663014,0.0009923428906801757,0.09918508439663014
2024-03-21,22011.94921875,22080.94921875,21941.30078125,21989.900390625,353200,0.007883528864675105,0.0079146856998078,0.7883528864675104
2024-03-22,22096.75,22180.69921875,21883.30078125,21932.19921875,388700,0.0038450866714008036,0.0038524885010076115,0.38450866714008036
2024-03-26,22004.69921875,22073.19921875,21947.55078125,21947.900390625,328400,-0.004174507484794188,-0.00416580634029895,-0.4174507484794188
2024-03-27,22123.650390625,22193.599609375,22052.849609375,22053.94921875,409100,0.005391158338500764,0.005405716783151604,0.5391158338500764
2024-03-28,22326.900390625,22516.0,22163.599609375,22163.599609375,410500,0.009145057280234776,0.009187001078543977,0.9145057280234776
2024-04-01,22462.0,22529.94921875,22427.75,22455.0,0,0.006032745520934439,0.006050979178091831,0.6032745520934438
2024-04-02,22453.30078125,22497.599609375,22388.150390625,22458.80078125,289500,-0.00038736104211539534,-0.0003872860275131451,-0.038736104211539536
2024-04-03,22434.650390625,22521.099609375,22346.5,22385.69921875,309600,-0.0008309754048160305,-0.0008306302403686683,-0.08309754048160305
2024-04-04,22514.650390625,22619.0,22303.80078125,22592.099609375,401000,0.0035595696965144527,0.003565912488363576,0.3559569696514453
2024-04-05,22513.69921875,22537.599609375,22427.599609375,22486.400390625,242200,-4.22476898839797e-05,-4.224679746289706e-05,-0.00422476898839797
2024-04-08,22666.30078125,22697.30078125,22550.349609375,22578.349609375,227600,0.006755296273493474,0.006778164752814453,0.6755296273493474
2024-04-09,22642.75,22768.400390625,22612.25,22765.099609375,232400,-0.0010395619844089984,-0.0010390218270411866,-0.10395619844089984
2024-04-10,22753.80078125,22775.69921875,22673.69921875,22720.25,276800,0.004892486360835239,0.0049044741142307835,0.4892486360835239
2024-04-12,22519.400390625,22726.44921875,22503.75,22677.400390625,357200,-0.01035502147176367,-0.010301592814249916,-1.035502147176367
2024-04-15,22272.5,22427.44921875,22259.55078125,22339.05078125,355500,-0.011024443666037696,-0.010963897188301042,-1.1024443666037695
2024-04-16,22147.900390625,22213.75,22079.44921875,22125.30078125,317300,-0.005610032105390299,-0.005594325260972033,-0.5610032105390299
2024-04-18,21995.849609375,22326.5,21961.69921875,22212.349609375,456900,-0.006888920065700564,-0.0068652458503182245,-0.6888920065700563
2024-04-19,22147.0,22179.55078125,21777.650390625,21861.5,362500,0.006848265696137249,0.0068717686886063944,0.6848265696137249
2024-04-22,22336.400390625,22375.650390625,22198.150390625,22336.900390625,279300,0.008515605079627573,0.008551965982977361,0.8515605079627573
2024-04-23,22368.0,22447.55078125,22349.44921875,22447.05078125,231500,0.0014137138340638612,0.0014147135985376202,0.1413713834063861
2024-04-24,22402.400390625,22476.44921875,22384.0,22421.55078125,235900,0.001536747364098986,0.0015379287654238016,0.1536747364098986
2024-04-25,22570.349609375,22625.94921875,22305.25,22316.900390625,475000,0.007468967297299811,0.0074969296067168845,0.7468967297299811
2024-04-26,22419.94921875,22620.400390625,22385.55078125,22620.400390625,329900,-0.006685928069119567,-0.006663626980883297,-0.6685928069119567
2024-04-29,22643.400390625,22655.80078125,22441.900390625,22475.55078125,292000,0.009917283345523465,0.00996662256880243,0.9917283345523464
2024-04-30,22604.849609375,22783.349609375,22568.400390625,22679.650390625,361900,-0.0017039682453004383,-0.00170251731563964,-0.17039682453004384
2024-05-02,22648.19921875,22710.5,22567.849609375,22567.849609375,445900,0.0019158763335262374,0.0019177127972140884,0.19158763335262374
2024-05-03,22475.849609375,22794.69921875,22348.05078125,22766.349609375,438100,-0.0076389620148829334,-0.007609859296553445,-0.7638962014882933
2024-05-06,22442.69921875,22588.80078125,22409.44921875,22561.599609375,320300,-0.0014760226012829026,-0.0014749338156797576,-0.14760226012829025
2024-05-07,22302.5,22499.05078125,22232.05078125,22489.75,297800,-0.0062665796554610105,-0.006246985595782073,-0.6266579655461011
2024-05-08,22302.5,22368.650390625,22185.19921875,22231.19921875,277400,0.0,0.0,0.0
2024-05-09,21957.5,22307.75,21932.400390625,22224.80078125,331300,-0.015590012996666094,-0.01546911781190452,-1.5590012996666094
2024-05-10,22055.19921875,22131.30078125,21950.30078125,21990.94921875,265800,0.004439599522660019,0.0044494691449390444,0.44395995226600193
2024-05-13,22104.05078125,22131.650390625,21821.05078125,22027.94921875,278200,0.002212518664983643,0.0022149680905385605,0.22125186649836429
2024-05-14,22217.849609375,22270.05078125,22081.25,22112.900390625,230200,0.005135117275633606,0.005148324587705533,0.5135117275633606
2024-05-15,22200.55078125,22297.55078125,22151.75,22255.599609375,231900,-0.0007789037357247285,-0.0007786004689536163,-0.07789037357247285
2024-05-16,22403.849609375,22432.25,22054.55078125,22319.19921875,368900,0.00911570311987133,0.009157377676264788,0.9115703119871329
2024-05-17,22466.099609375,22502.150390625,22345.650390625,22415.25,242700,0.0027746873362616406,0.0027785403439750667,0.27746873362616403
2024-05-21,22529.05078125,22591.099609375,22404.55078125,22404.55078125,347600,0.002798133238882937,0.002802051667603722,0.27981332388829366
2024-05-22,22597.80078125,22629.5,22483.150390625,22576.599609375,290300,0.0030469687473969323,0.0030516154749500313,0.3046968747396932
2024-05-23,22967.650390625,22993.599609375,22577.44921875,22614.099609375,369800,0.01623413013834582,0.01636661960848307,1.6234130138345821
2024-05-24,22957.099609375,23026.400390625,22908.0,22930.75,261900,-0.00045948127907615604,-0.0004593757337192361,-0.045948127907615606
2024-05-27,22932.44921875,23110.80078125,22871.19921875,23038.94921875,260000,-0.0010743358183047916,-0.0010737589261899938,-0.10743358183047916
2024-05-28,22888.150390625,22998.55078125,22858.5,22977.150390625,217900,-0.00193357757447097,-0.0019317094176221072,-0.19335775744709702
2024-05-29,22704.69921875,22825.5,22685.44921875,22762.75,269900,-0.0080474093408375,-0.008015115627261094,-0.80474093408375
2024-05-30,22488.650390625,22705.75,22417.0,22617.44921875,373400,-0.00956116224385675,-0.009515599658179275,-0.956116224385675
2024-05-31,22530.69921875,22653.75,22465.099609375,22568.099609375,572100,0.0018680341105537352,0.0018697799732139142,0.1868034110553735
2024-06-03,23263.900390625,23338.69921875,23062.30078125,23337.900390625,569400,0.03202403067452011,0.03254231769535276,3.202403067452011
2024-06-04,21884.5,23179.5,21281.44921875,23179.5,1006100,-0.06112419596275757,-0.05929359941641077,-6.112419596275757
2024-06-05,22620.349609375,22670.400390625,21791.94921875,22128.349609375,638500,0.03307130264902321,0.033624236760035675,3.307130264902321
2024-06-06,22821.400390625,22910.150390625,22642.599609375,22798.599609375,480400,0.008848783029735371,0.008888049244237806,0.8848783029735371
2024-06-07,23290.150390625,23320.19921875,22789.05078125,22821.849609375,473600,0.02033183181806326,0.020539931466807104,2.033183181806326
2024-06-10,23259.19921875,23411.900390625,23227.150390625,23319.150390625,304400,-0.0013298220789751808,-0.0013289382574128705,-0.13298220789751808
2024-06-11,23264.849609375,23389.44921875,23206.650390625,23283.75,305200,0.00024290193115634738,0.0002429314342191624,0.02429019311563474
2024-06-12,23322.94921875,23441.94921875,23295.94921875,23344.44921875,295600,0.002494199810096445,0.002497312914139238,0.24941998100964452
2024-06-13,23398.900390625,23481.05078125,23353.900390625,23480.94921875,268300,0.0032512085635553246,0.0032564994745150067,0.32512085635553245
2024-06-14,23465.599609375,23490.400390625,23334.25,23464.94921875,223100,0.0028464728647632507,0.0028505279152657437,0.2846472864763251
2024-06-18,23557.900390625,23579.05078125,23499.69921875,23570.80078125,272200,0.0039257349959185015,0.003933450786960613,0.3925734995918502
2024-06-19,23516.0,23664.0,23412.900390625,23629.849609375,328800,-0.0017801967265448713,-0.0017786131162043084,-0.17801967265448712
2024-06-20,23567.0,23624.0,23442.599609375,23586.150390625,280300,0.0021663878659495613,0.0021687361796223215,0.21663878659495614
2024-06-21,23501.099609375,23667.099609375,23398.19921875,23661.150390625,609900,-0.0028002164622532473,-0.00279629951309035,-0.2800216462253247
2024-06-24,23537.849609375,23558.099609375,23350.0,23382.30078125,239400,0.0015625352218749532,0.00156375661610908,0.15625352218749533
2024-06-25,23721.30078125,23754.150390625,23562.05078125,23577.099609375,298100,0.007763664467508334,0.007793879853915442,0.7763664467508334
2024-06-26,23868.80078125,23889.900390625,23670.44921875,23723.099609375,287800,0.006198787876631016,0.006218040121837909,0.6198787876631016
2024-06-27,24044.5,24087.44921875,23805.400390625,23881.55078125,515200,0.007334080659762657,0.007361040898544724,0.7334080659762656
2024-06-28,24010.599609375,24174.0,23985.80078125,24085.900390625,354800,-0.0014108969297394127,-0.0014099020825968367,-0.14108969297394128
2024-07-01,24141.94921875,24164.0,23992.69921875,23992.94921875,0,0.00545557559691747,0.005470484349075377,0.545557559691747
2024-07-02,24123.849609375,24236.349609375,24056.400390625,24228.75,0,-0.0007499973340487516,-0.0007497161563467802,-0.07499973340487516
2024-07-03,24286.5,24309.150390625,24207.099609375,24291.75,0,0.006719678910168409,0.006742306607722792,0.671967891016841
2024-07-04,24302.150390625,24401.0,24281.0,24369.94921875,251200,0.0006441994597673961,0.0006444070008029268,0.06441994597673961
2024-07-05,24323.849609375,24363.0,24168.849609375,24213.349609375,298400,0.0008924945580705119,0.0008928929498506211,0.08924945580705118
2024-07-08,24320.55078125,24344.599609375,24240.55078125,24329.44921875,266300,-0.0001356303337513403,-0.00013562113637344275,-0.013563033375134032
2024-07-09,24433.19921875,24443.599609375,24331.900390625,24351.0,250500,0.00462112711188291,0.004631820986013446,0.462112711188291
2024-07-10,24324.44921875,24461.05078125,24141.80078125,24459.849609375,292300,-0.004460845993233708,-0.004450911197766749,-0.44608459932337075
2024-07-11,24315.94921875,24402.650390625,24193.75,24396.55078125,306400,-0.0003495037195243165,-0.0003494426502141934,-0.03495037195243165
2024-07-12,24502.150390625,24592.19921875,24331.150390625,24387.94921875,325800,0.007628403248955412,0.007657573644356042,0.7628403248955412
2024-07-15,24586.69921875,24635.05078125,24522.75,24587.599609375,305400,0.0034447298074261035,0.003450669707641296,0.34447298074261035
2024-07-16,24613.0,24661.25,24587.650390625,24615.900390625,283200,0.0010691440871768358,0.0010697158254551198,0.10691440871768358
2024-07-18,24800.849609375,24837.75,24504.44921875,24543.80078125,350900,0.007603152387120198,0.007632129743428306,0.7603152387120198
2024-07-19,24530.900390625,24854.80078125,24508.150390625,24853.80078125,343800,-0.010944347737899481,-0.010884676251089243,-1.094434773789948
2024-07-22,24509.25,24595.19921875,24362.30078125,24445.75,324200,-0.0008829659721330775,-0.0008825762723847497,-0.08829659721330775
2024-07-23,24479.05078125,24582.55078125,24074.19921875,24568.900390625,436400,-0.0012329157000276177,-0.0012321559717249908,-0.12329157000276177
2024-07-24,24413.5,24504.25,24307.25,24444.94921875,366600,-0.00268142363114976,-0.002677831825905974,-0.268142363114976
2024-07-25,24406.099609375,24426.150390625,24210.80078125,24230.94921875,391800,-0.0003031729363163769,-0.0003031269840456652,-0.030317293631637692
2024-07-26,24834.849609375,24861.150390625,24410.900390625,24423.349609375,383800,0.01741480789992859,0.01756732976027453,1.741480789992859
2024-07-29,24836.099609375,24999.75,24774.599609375,24943.30078125,355000,5.0331230625744864e-05,5.03324972633834e-05,0.005033123062574486
2024-07-30,24857.30078125,24971.75,24798.650390625,24839.400390625,385000,0.0008532792280141148,0.0008536433743000504,0.08532792280141148
2024-07-31,24951.150390625,24984.599609375,24856.5,24886.69921875,333600,0.0037684255675633532,0.00377553501085659,0.3768425567563353
2024-08-01,25010.900390625,25078.30078125,24956.400390625,25030.94921875,431300,0.002391816490734086,0.0023946791656728195,0.23918164907340858
2024-08-02,24717.69921875,24851.900390625,24686.849609375,24789.0,345000,-0.011792190883304469,-0.011722935491954689,-1.179219088330447
2024-08-05,24055.599609375,24350.05078125,23893.69921875,24302.849609375,487000,-0.02715175314145156,-0.02678645789462286,-2.715175314145156
2024-08-06,23992.55078125,24382.599609375,23960.400390625,24189.849609375,312300,-0.0026244033870099497,-0.0026209626510589334,-0.262440338700995
2024-08-07,24297.5,24337.69921875,24184.900390625,24289.400390625,317600,0.012630066341245293,0.012710162480444431,1.2630066341245294
2024-08-08,24117.0,24340.5,24079.69921875,24248.55078125,311900,-0.007456478381555143,-0.007428747813561065,-0.7456478381555143
2024-08-09,24367.5,24419.75,24311.19921875,24386.849609375,215100,0.010333291215294636,0.010386864037815746,1.0333291215294635
2024-08-12,24347.0,24472.80078125,24212.099609375,24320.05078125,279900,-0.0008416385761983504,-0.0008412844977941925,-0.08416385761983504
2024-08-13,24139.0,24359.94921875,24116.5,24342.349609375,239700,-0.00857984886239657,-0.008543146999630324,-0.857984886239657
2024-08-14,24143.75,24196.5,24099.69921875,24184.400390625,303300,0.0001967576418212346,0.00019677699987563635,0.01967576418212346
2024-08-16,24541.150390625,24563.900390625,24204.5,24334.849609375,271600,0.016325768935141063,0.016459762490292462,1.6325768935141063
2024-08-19,24572.650390625,24638.80078125,24522.94921875,24636.349609375,243600,0.0012827353541420893,0.0012835584110202358,0.12827353541420894
2024-08-20,24698.849609375,24734.30078125,24607.19921875,24648.900390625,238300,0.0051226163083365125,0.005135759339910173,0.5122616308336513
2024-08-21,24770.19921875,24787.94921875,24654.5,24680.55078125,257100,0.0028846181820890576,0.0028887826964991703,0.28846181820890576
2024-08-22,24811.5,24867.349609375,24784.44921875,24863.400390625,220300,0.0016659691560852782,0.001667357653657442,0.16659691560852782
2024-08-23,24823.150390625,24858.400390625,24771.650390625,24845.400390625,206800,0.0004694458708691634,0.00046955607782672715,0.04694458708691634
2024-08-26,25010.599609375,25043.80078125,24874.69921875,24906.099609375,210300,0.007523018148105455,0.007551387144671073,0.7523018148105455
2024-08-27,25017.75,25073.099609375,24973.650390625,25024.80078125,223300,0.0002858535502177548,0.0002858944102370753,0.02858535502177548
2024-08-28,25052.349609375,25129.599609375,24964.650390625,25030.80078125,220400,0.0013820469762269526,0.0013830024432652799,0.13820469762269527
2024-08-29,25151.94921875,25192.900390625,24998.5,25035.30078125,354000,0.003967777356455909,0.00397565940632294,0.3967777356455909
2024-08-30,25235.900390625,25268.349609375,25199.400390625,25249.69921875,638200,0.003332202116407902,0.003337760073577778,0.3332202116407902
2024-09-02,25278.69921875,25333.650390625,25235.5,25333.599609375,222800,0.0016945136137639853,0.001695950113232314,0.16945136137639852
2024-09-03,25279.849609375,25321.69921875,25235.80078125,25313.400390625,212100,4.550726442364936e-05,4.550829989491412e-05,0.004550726442364936
2024-09-04,25198.69921875,25216.0,25083.80078125,25089.94921875,253800,-0.003215245383183467,-0.0032100820170585243,-0.3215245383183467
2024-09-05,25145.099609375,25275.44921875,25127.75,25250.5,222200,-0.0021293438665674616,-0.0021270784221717465,-0.21293438665674616
2024-09-06,24852.150390625,25168.75,24801.30078125,25093.69921875,311700,-0.011718747382249265,-0.011650350298901935,-1.1718747382249266
2024-09-09,24936.400390625,24957.5,24753.150390625,24823.400390625,254400,0.003384315433638339,0.003390048695012693,0.3384315433638339
2024-09-10,25041.099609375,25130.5,24896.80078125,24999.400390625,251300,0.0041898603137641086,0.0041986500501236534,0.4189860313764109
2024-09-11,24918.44921875,25113.69921875,24885.150390625,25034.0,279200,-0.004909997784499106,-0.004897963449619458,-0.49099977844991055
2024-09-12,25388.900390625,25433.349609375,24941.44921875,25059.650390625,380100,0.018703624424743968,0.01887963282727112,1.8703624424743968
2024-09-13,25356.5,25430.5,25292.44921875,25430.44921875,250800,-0.0012769785942554214,-0.0012761636040355961,-0.12769785942554213
2024-09-16,25383.75,25445.69921875,25336.19921875,25406.650390625,168700,0.0010740980826790941,0.0010746751326089488,0.10740980826790941
2024-09-17,25418.55078125,25441.650390625,25352.25,25416.900390625,216000,0.0013700476615561017,0.0013709866056039743,0.13700476615561016
2024-09-18,25377.55078125,25482.19921875,25285.55078125,25402.400390625,215700,-0.0016142974615182065,-0.0016129951842196455,-0.16142974615182065
2024-09-19,25415.80078125,25611.94921875,25376.05078125,25487.05078125,314500,0.0015061029073179838,0.0015072376499098983,0.15061029073179838
2024-09-20,25790.94921875,25849.25,25426.599609375,25525.94921875,533100,0.014652566289984728,0.014760441377741573,1.4652566289984728
2024-09-23,25939.05078125,25956.0,25847.349609375,25872.55078125,209200,0.005725960454112572,0.005742385099666292,0.5725960454112572
2024-09-24,25940.400390625,26011.55078125,25886.849609375,25921.44921875,384100,5.20286681844374e-05,5.2030021699067674e-05,0.005202866818443739
2024-09-25,26004.150390625,26032.80078125,25871.349609375,25899.44921875,278500,0.0024545416621303915,0.0024575565157058943,0.24545416621303914
2024-09-26,26216.05078125,26250.900390625,25998.400390625,26005.400390625,370900,0.008115692736807522,0.008148714241454025,0.8115692736807522
2024-09-27,26178.94921875,26277.349609375,26151.400390625,26248.25,490300,-0.0014162255444679923,-0.0014152231703233875,-0.14162255444679922
2024-09-30,25810.849609375,26134.69921875,25794.099609375,26061.30078125,343100,-0.014160691857076434,-0.014060900852023384,-1.4160691857076433
2024-10-01,25796.900390625,25907.599609375,25739.19921875,25788.44921875,247400,-0.0005405862138807384,-0.0005404401234794243,-0.054058621388073845
2024-10-03,25250.099609375,25639.44921875,25230.30078125,25452.849609375,423400,-0.02142424417261006,-0.021196375260987388,-2.142424417261006
2024-10-04,25014.599609375,25485.05078125,24966.80078125,25181.900390625,374900,-0.009370461848646757,-0.009326695880144675,-0.9370461848646757
2024-10-07,24795.75,25143.0,24694.349609375,25084.099609375,374300,-0.008787371273170997,-0.008748875168602677,-0.8787371273170996
2024-10-08,25013.150390625,25044.0,24756.80078125,24832.19921875,333200,0.008729434677965052,0.00876764730346924,0.8729434677965051
2024-10-09,24981.94921875,25234.05078125,24947.69921875,25065.80078125,290600,-0.0012481693673798233,-0.0012473907279866303,-0.12481693673798233
2024-10-10,24998.44921875,25134.05078125,24979.400390625,25067.05078125,261400,0.0006602588660852999,0.0006604768849507447,0.06602588660852998
2024-10-11,24964.25,25028.650390625,24920.05078125,24985.30078125,210500,-0.0013689902517646816,-0.0013680536120755926,-0.13689902517646815
2024-10-14,25127.94921875,25159.75,25017.5,25023.44921875,206400,0.006535939888908111,0.006557345754428789,0.6535939888908111
2024-10-15,25057.349609375,25212.05078125,25008.150390625,25186.30078125,257200,-0.0028135592532655376,-0.0028096049048969007,-0.2813559253265538
2024-10-16,24971.30078125,25093.400390625,24908.44921875,25008.55078125,226800,-0.003439985380697183,-0.0034340754096676696,-0.3439985380697183
2024-10-17,24749.849609375,25029.5,24728.900390625,25027.400390625,252800,-0.008907784090014885,-0.008868227322834543,-0.8907784090014884
2024-10-18,24854.05078125,24886.19921875,24567.650390625,24664.94921875,290900,0.004201335956550517,0.004210173941240125,0.4201335956550517
2024-10-21,24781.099609375,24978.30078125,24679.599609375,24956.150390625,242000,-0.002939498473548445,-0.00293518237799828,-0.2939498473548445
2024-10-22,24472.099609375,24882.0,24445.80078125,24798.650390625,279500,-0.012547572909439223,-0.012469180337869368,-1.2547572909439224
2024-10-23,24435.5,24604.25,24378.099609375,24378.150390625,284600,-0.0014966842167451323,-0.001495564743491773,-0.14966842167451325
2024-10-24,24399.400390625,24480.650390625,24341.19921875,24412.69921875,216700,-0.0014784351216731097,-0.0014773427748562273,-0.14784351216731098
2024-10-25,24180.80078125,24440.25,24073.900390625,24418.05078125,372600,-0.00899959570008371,-0.008959220549493163,-0.899959570008371
2024-10-28,24339.150390625,24492.599609375,24134.900390625,24251.099609375,278600,0.006527218917237164,0.0065485676346082045,0.6527218917237164
2024-10-29,24466.849609375,24484.5,24140.849609375,24328.849609375,332000,0.0052329430871703615,0.0052466588480091225,0.5232943087170362
2024-10-30,24340.849609375,24498.19921875,24307.30078125,24371.44921875,285200,-0.00516313130612327,-0.005149825253829232,-0.516313130612327
2024-10-31,24205.349609375,24372.44921875,24172.599609375,24349.849609375,287000,-0.00558232586918934,-0.005566773640794054,-0.5582325869189341
2024-11-01,24304.349609375,24368.25,24280.19921875,24302.75,38800,0.004081663627652918,0.004090004961616156,0.4081663627652918
2024-11-04,23995.349609375,24316.75,23816.150390625,24315.75,285500,-0.012795285302364113,-0.0127137736646451,-1.2795285302364112
2024-11-05,24213.30078125,24229.05078125,23842.75,23916.5,289500,0.009042055940529129,0.00908305881860727,0.9042055940529129
2024-11-06,24484.05078125,24537.599609375,24204.05078125,24308.75,351100,0.011119815807918394,0.011181870759630508,1.1119815807918394
2024-11-07,24199.349609375,24503.349609375,24179.05078125,24489.599609375,322200,-0.011696159889418445,-0.011628025706147627,-1.1696159889418445
2024-11-08,24148.19921875,24276.150390625,24066.650390625,24207.69921875,298700,-0.0021159463488489003,-0.002113709312467793,-0.21159463488489003
2024-11-11,24141.30078125,24336.80078125,24004.599609375,24087.25,273400,-0.00028571169910344984,-0.00028567088740283353,-0.028571169910344984
2024-11-12,23883.44921875,24242.0,23839.150390625,24225.80078125,255800,-0.010738381367723213,-0.010680930776533315,-1.0738381367723213
2024-11-13,23559.05078125,23873.599609375,23509.599609375,23822.44921875,304600,-0.013675649189030194,-0.013582562322921432,-1.3675649189030195
2024-11-14,23532.69921875,23675.900390625,23484.150390625,23542.150390625,257700,-0.0011191584619590343,-0.0011185324376894457,-0.11191584619590343
2024-11-18,23453.80078125,23606.80078125,23350.400390625,23605.30078125,263300,-0.003358348106569627,-0.0033527151631265184,-0.3358348106569627
2024-11-19,23518.5,23780.650390625,23464.80078125,23529.55078125,297500,0.002754783503889256,0.002758581406631766,0.2754783503889256
2024-11-21,23349.900390625,23507.30078125,23263.150390625,23488.44921875,420300,-0.007194627306794726,-0.007168807933116472,-0.7194627306794726
2024-11-22,23907.25,23956.099609375,23359.0,23411.80078125,367600,0.02358904203763299,0.023869464111237804,2.358904203763299
2024-11-25,24221.900390625,24351.55078125,24135.44921875,24253.55078125,687200,0.013075438521712217,0.013161295867362366,1.3075438521712217
2024-11-26,24194.5,24343.30078125,24125.400390625,24343.30078125,230700,-0.0011318641340202825,-0.0011312238174179257,-0.11318641340202826
2024-11-27,24274.900390625,24354.55078125,24145.650390625,24204.80078125,295000,0.0033175761911502914,0.003323085437806128,0.33175761911502916
2024-11-28,23914.150390625,24345.75,23873.349609375,24274.150390625,366700,-0.0149725605075969,-0.014861029054492936,-1.49725605075969
2024-11-29,24131.099609375,24188.44921875,23927.150390625,23927.150390625,282100,0.009031098528695802,0.009072001940535257,0.9031098528695802
2024-12-02,24276.05078125,24301.69921875,24008.650390625,24140.849609375,220400,0.005988850983542634,0.006006820004948565,0.5988850983542634
2024-12-03,24457.150390625,24481.349609375,24280.0,24367.5,339500,0.007432322879372628,0.007460011144599932,0.7432322879372628
2024-12-04,24467.44921875,24573.19921875,24366.30078125,24488.75,348000,0.0004210081782723239,0.00042109681465385407,0.042100817827232385
2024-12-05,24708.400390625,24857.75,24295.55078125,24539.150390625,361500,0.009799651742121284,0.009847825562885104,0.9799651742121284
2024-12-06,24677.80078125,24751.05078125,24620.5,24729.44921875,226700,-0.0012391968835286232,-0.0012384293961259507,-0.12391968835286232
2024-12-09,24619.0,24705.0,24580.05078125,24633.900390625,248100,-0.002385583169878571,-0.0023827399277279726,-0.2385583169878571
2024-12-10,24610.05078125,24677.80078125,24510.650390625,24652.650390625,261000,-0.00036357470666444975,-0.0003635086213900074,-0.03635747066644497
2024-12-11,24641.80078125,24691.75,24583.849609375,24620.5,187300,0.0012892918089711122,0.0012901233029631864,0.12892918089711122
2024-12-12,24548.69921875,24675.25,24527.94921875,24604.44921875,266100,-0.003785351792322941,-0.003778196379659149,-0.3785351792322941
2024-12-13,24768.30078125,24792.30078125,24180.80078125,24498.349609375,310100,0.008905773422254015,0.008945547808588916,0.8905773422254015
2024-12-16,24668.25,24781.25,24601.75,24753.400390625,187600,-0.004047649614185296,-0.004039468921733236,-0.4047649614185296
2024-12-17,24336.0,24624.099609375,24303.44921875,24584.80078125,264900,-0.01356025614827435,-0.013468730047733413,-1.356025614827435
2024-12-18,24198.849609375,24394.44921875,24149.849609375,24297.94921875,235300,-0.005651640286891943,-0.005635699812006956,-0.5651640286891942
2024-12-19,23951.69921875,24004.900390625,23870.30078125,23877.150390625,271100,-0.01026582529903898,-0.010213311567061067,-1.026582529903898
2024-12-20,23587.5,24065.80078125,23537.349609375,23960.69921875,442700,-0.015322359236337606,-0.01520556915080562,-1.5322359236337606
2024-12-23,23753.44921875,23869.55078125,23647.19921875,23738.19921875,189800,0.007010839504245724,0.0070354729729729115,0.7010839504245724
2024-12-24,23727.650390625,23867.650390625,23685.150390625,23769.099609375,177700,-0.0010866989549987555,-0.0010861087115143775,-0.10866989549987555
2024-12-26,23750.19921875,23854.5,23653.599609375,23775.80078125,177700,0.0009498673594489271,0.0009503186263191132,0.09498673594489271
2024-12-27,23813.400390625,23938.849609375,23800.599609375,23801.400390625,176800,0.002657545248501766,0.002661079652128029,0.2657545248501766
2024-12-30,23644.900390625,23915.349609375,23599.30078125,23796.900390625,364900,-0.007101000468431965,-0.007075847935867907,-0.7101000468431965
2024-12-31,23644.80078125,23689.849609375,23460.44921875,23560.599609375,193600,-4.2127301519090045e-06,-4.212721278373799e-06,-0.00042127301519090046
2025-01-01,23742.900390625,23822.80078125,23562.80078125,23637.650390625,154900,0.004140304217561321,0.004148887118253564,0.41403042175613214
2025-01-02,24188.650390625,24226.69921875,23751.55078125,23783.0,283200,0.018599976157659907,0.018774033191665485,1.8599976157659908
2025-01-03,24004.75,24196.44921875,23976.0,24196.400390625,312300,-0.007631803596810856,-0.007602755327609123,-0.7631803596810857
2025-01-06,23616.05078125,24089.94921875,23551.900390625,24045.80078125,278100,-0.016325128725884954,-0.016192595996625703,-1.6325128725884954
2025-01-07,23707.900390625,23795.19921875,23637.80078125,23679.900390625,262300,0.0038817437019732417,0.0038892874268343647,0.38817437019732415
2025-01-08,23688.94921875,23751.849609375,23496.150390625,23746.650390625,266400,-0.0007996806978147784,-0.0007993610384197103,-0.07996806978147784
2025-01-09,23526.5,23689.5,23503.05078125,23674.75,269200,-0.006881216315863482,-0.006857594959147506,-0.6881216315863482
2025-01-10,23431.5,23596.599609375,23344.349609375,23551.900390625,261000,-0.004046174437066828,-0.004037999702463213,-0.4046174437066828
2025-01-13,23085.94921875,23340.94921875,23047.25,23195.400390625,316500,-0.014857097422370331,-0.014747275302477436,-1.4857097422370331
2025-01-14,23176.05078125,23264.94921875,23134.150390625,23165.900390625,311200,0.003895278043635164,0.003902874499386977,0.3895278043635164
2025-01-15,23213.19921875,23293.650390625,23146.44921875,23250.44921875,228000,0.0016015971562733668,0.0016028803979861728,0.1601597156273367
2025-01-16,23311.80078125,23391.650390625,23272.05078125,23377.25,299400,0.004238654922064901,0.004247650725383689,0.42386549220649006
2025-01-17,23203.19921875,23292.099609375,23100.349609375,23277.099609375,272900,-0.004669537131428157,-0.004658651792672774,-0.4669537131428157
2025-01-20,23344.75,23391.099609375,23170.650390625,23290.400390625,301500,0.006081952909099664,0.006100485537167577,0.6081952909099664
2025-01-21,23024.650390625,23426.30078125,22976.849609375,23421.650390625,312900,-0.013806721311582606,-0.013711845677293555,-1.3806721311582606
2025-01-22,23155.349609375,23169.55078125,22981.30078125,23099.150390625,276000,0.0056604403518015324,0.0056764909144164655,0.5660440351801532
2025-01-23,23205.349609375,23270.80078125,23090.650390625,23128.30078125,275600,0.0021570002277194853,0.0021593282262408753,0.21570002277194852
2025-01-24,23092.19921875,23347.30078125,23050.0,23183.900390625,264300,-0.00488797436469754,-0.004876047658393667,-0.48879743646975404
2025-01-27,22829.150390625,23007.44921875,22786.900390625,22940.150390625,257400,-0.011456619090824587,-0.011391241935562957,-1.1456619090824587
2025-01-28,22957.25,23137.94921875,22857.650390625,22960.44921875,361900,0.005595545512054291,0.005611229817278129,0.5595545512054291
2025-01-29,23163.099609375,23183.349609375,22976.5,23026.75,226300,0.008926687592645893,0.008966649288351114,0.8926687592645893
2025-01-30,23249.5,23322.05078125,23139.19921875,23169.5,361900,0.003723148074350194,0.003730087599762788,0.3723148074350194
2025-01-31,23508.400390625,23546.80078125,23277.400390625,23296.75,304900,0.011074194280356322,0.011135740150325812,1.1074194280356322
2025-02-01,23482.150390625,23632.44921875,23318.30078125,23528.599609375,281000,-0.001117246011978889,-0.0011166221250199504,-0.11172460119788889
2025-02-03,23361.05078125,23381.599609375,23222.0,23319.349609375,329700,-0.005170435671733403,-0.005157091976693451,-0.5170435671733403
2025-02-04,23739.25,23762.75,23423.150390625,23509.900390625,376700,0.016059657410686868,0.016189306820631133,1.6059657410686867
2025-02-05,23696.30078125,23807.30078125,23680.44921875,23801.75,267000,-0.0018108456539069108,-0.001809207062143936,-0.18108456539069107
2025-02-06,23603.349609375,23773.55078125,23556.25,23761.94921875,307000,-0.003930316218479903,-0.003922602634608197,-0.3930316218479903
2025-02-07,23559.94921875,23694.5,23443.19921875,23649.5,368100,-0.0018404311807618838,-0.0018387386257991967,-0.18404311807618837
2025-02-10,23381.599609375,23568.599609375,23316.30078125,23543.80078125,234200,-0.0075988318246352615,-0.007570033692307909,-0.7598831824635262
2025-02-11,23071.80078125,23390.05078125,22986.650390625,23383.55078125,268000,-0.013338245144624153,-0.013249684936046169,-1.3338245144624152
2025-02-12,23045.25,23144.69921875,22798.349609375,23050.80078125,279700,-0.001151451956867338,-0.0011507892904301098,-0.11514519568673379
2025-02-13,23031.400390625,23235.5,22992.19921875,23055.75,265700,-0.0006011552347958088,-0.0006009745771905495,-0.06011552347958088
2025-02-14,22929.25,23133.69921875,22774.849609375,23096.44921875,254500,-0.00444513112662715,-0.004435266153706374,-0.44451311266271504
2025-02-17,22959.5,22974.19921875,22725.44921875,22809.900390625,207400,0.001318406118349223,0.0013192755977626813,0.1318406118349223
2025-02-18,22945.30078125,22992.5,22801.5,22963.650390625,210600,-0.0006186376571162799,-0.0006184463402948426,-0.061863765711627994
2025-02-19,22932.900390625,23049.94921875,22814.849609375,22847.25,207000,-0.0005405787764224007,-0.0005404326900405598,-0.054057877642240064
2025-02-20,22913.150390625,22923.849609375,22812.75,22821.099609375,240800,-0.0008615791713867465,-0.0008612081186238907,-0.08615791713867466
2025-02-21,22795.900390625,22921.0,22720.30078125,22857.19921875,242800,-0.005130286241460248,-0.005117148798882476,-0.5130286241460248
2025-02-24,22553.349609375,22668.05078125,22518.80078125,22609.349609375,214300,-0.010697116011174177,-0.010640105330068539,-1.0697116011174177
2025-02-25,22547.55078125,22625.30078125,22513.900390625,22516.44921875,250300,-0.00025714910818764225,-0.00025711604818956513,-0.025714910818764224
2025-02-27,22545.05078125,22613.30078125,22508.400390625,22568.94921875,289200,-0.00011088293493540093,-0.00011087678764998277,-0.011088293493540093
2025-02-28,22124.69921875,22450.349609375,22104.849609375,22433.400390625,551300,-0.01882096814125905,-0.018644959666695105,-1.882096814125905
2025-03-03,22119.30078125,22261.55078125,22004.69921875,22194.55078125,282400,-0.0002440302652016664,-0.00024400049223838316,-0.02440302652016664
2025-03-04,22082.650390625,22105.05078125,21964.599609375,21974.44921875,253300,-0.001658315891150207,-0.0016569416451024388,-0.16583158911502072
2025-03-05,22337.30078125,22394.900390625,22067.80078125,22073.05078125,305900,0.01146571185468711,0.011531695069225467,1.1465711854687108
2025-03-06,22544.69921875,22556.44921875,22245.849609375,22476.349609375,372100,0.00924200854408832,0.009284847776867,0.924200854408832
2025-03-07,22552.5,22633.80078125,22464.75,22508.650390625,289800,0.00034595413741610534,0.00034601398645017767,0.034595413741610535
2025-03-10,22460.30078125,22676.75,22429.05078125,22521.849609375,293900,-0.004096583464717347,-0.004088203913091726,-0.4096583464717347
2025-03-11,22497.900390625,22522.099609375,22314.69921875,22345.94921875,347900,0.0016726478000064651,0.0016740474556060647,0.1672647800006465
2025-03-12,22470.5,22577.400390625,22329.55078125,22536.349609375,369700,-0.001218651042867137,-0.0012179087892316698,-0.1218651042867137
2025-03-13,22397.19921875,22558.05078125,22377.349609375,22541.5,287500,-0.00326742167482874,-0.003262089461738671,-0.326742167482874
2025-03-17,22508.75,22577.0,22353.150390625,22353.150390625,251100,0.004968206335327962,0.004980568336268254,0.49682063353279615
2025-03-18,22834.30078125,22857.80078125,22599.19921875,22662.25,272600,0.014359703182661372,0.01446329899483545,1.4359703182661372
2025-03-19,22907.599609375,22940.69921875,22807.94921875,22874.94921875,324000,0.0032048904937790478,0.0032100316461272094,0.3204890493779048
2025-03-20,23190.650390625,23216.69921875,22973.94921875,23036.599609375,313700,0.012280480863664548,0.012356195589090069,1.2280480863664547
2025-03-21,23350.400390625,23402.69921875,23132.80078125,23168.25,541000,0.0068649342763162065,0.0068885519512889015,0.6864934276316207
2025-03-24,23658.349609375,23708.75,23433.5,23515.400390625,311900,0.013101970335000056,0.013188177230298859,1.3101970335000057
2025-03-25,23668.650390625,23869.599609375,23601.400390625,23751.5,338200,0.0004353025297464832,0.00043539728764163677,0.04353025297464832
2025-03-26,23486.849609375,23736.5,23451.69921875,23700.94921875,278600,-0.007710730752587225,-0.007681079328545448,-0.7710730752587225
2025-03-27,23591.94921875,23646.44921875,23412.19921875,23433.94921875,510300,0.004464845602965276,0.004474827877002596,0.4464845602965276
2025-03-28,23519.349609375,23649.19921875,23450.19921875,23600.400390625,295400,-0.003082049047667123,-0.0030773044101545244,-0.3082049047667123
2025-04-01,23165.69921875,23565.150390625,23136.400390625,23341.099609375,314300,-0.015150767296533939,-0.015036571865236992,-1.5150767296533938
2025-04-02,23332.349609375,23350.0,23158.44921875,23192.599609375,341000,0.007168090205371445,0.0071938424586863725,0.7168090205371445
2025-04-03,23250.099609375,23306.5,23145.80078125,23150.30078125,283200,-0.003531376595912815,-0.0035251486188494496,-0.3531376595912815
2025-04-04,22904.44921875,23214.69921875,22857.44921875,23190.400390625,466800,-0.014978235581472139,-0.014866619775066536,-1.497823558147214
2025-04-07,22161.599609375,22254.0,21743.650390625,21758.400390625,647100,-0.032970136904421674,-0.03243254628305536,-3.297013690442167
2025-04-08,22535.849609375,22697.19921875,22270.849609375,22446.75,468300,0.01674631338889978,0.016887318902814252,1.6746313388899778
2025-04-09,22399.150390625,22468.69921875,22353.25,22460.30078125,383800,-0.006084328049671031,-0.006065856008070525,-0.6084328049671031
2025-04-11,22828.55078125,22923.900390625,22695.400390625,22695.400390625,402200,0.018988950673859396,0.019170387409190415,1.8988950673859397
2025-04-15,23328.55078125,23368.349609375,23207.0,23368.349609375,388300,0.02166598602930882,0.02190239778210845,2.166598602930882
2025-04-16,23437.19921875,23452.19921875,23273.05078125,23344.099609375,348400,0.004646504460063537,0.004657316201027051,0.4646504460063537
2025-04-17,23851.650390625,23872.349609375,23298.55078125,23401.849609375,505300,0.017528943393621495,0.017683476937954135,1.7528943393621494
2025-04-21,24125.55078125,24189.55078125,23903.650390625,23949.150390625,406100,0.011418063566753105,0.011483498464016417,1.1418063566753105
2025-04-22,24167.25,24242.599609375,24072.0,24185.400390625,440900,0.0017269335569158489,0.0017284255654137493,0.1726933556915849
2025-04-23,24328.94921875,24359.30078125,24119.94921875,24357.599609375,415000,0.006668556323176313,0.006690840652122221,0.6668556323176313
2025-04-24,24246.69921875,24347.849609375,24216.150390625,24277.900390625,358800,-0.0033864737270896763,-0.0033807460922566923,-0.3386473727089676
2025-04-25,24039.349609375,24365.44921875,23847.849609375,24289.0,387700,-0.008588438645809417,-0.00855166336268387,-0.8588438645809416
2025-04-28,24328.5,24355.099609375,24054.05078125,24070.25,320500,0.011956447831200931,0.012028211882747275,1.1956447831200931
2025-04-29,24335.94921875,24457.650390625,24290.75,24370.69921875,357600,0.00030614622903455367,0.0003061930965739812,0.030614622903455367
2025-04-30,24334.19921875,24396.150390625,24198.75,24342.05078125,424500,-7.191266338548166e-05,-7.191007773188485e-05,-0.007191266338548166
2025-05-02,24346.69921875,24589.150390625,24238.5,24311.900390625,421100,0.0005135484625769229,0.0005136803511647248,0.051354846257692294
2025-05-05,24461.150390625,24526.400390625,24400.650390625,24419.5,291500,0.004689876016656186,0.004700890697612925,0.4689876016656186
2025-05-06,24379.599609375,24509.650390625,24331.80078125,24500.75,302400,-0.0033394596535795407,-0.0033338898599493128,-0.33394596535795407
2025-05-07,24414.400390625,24449.599609375,24220.0,24233.30078125,330100,0.001426437150093386,0.0014274549954715887,0.14264371500933862
2025-05-08,24273.80078125,24447.25,24150.19921875,24431.5,411400,-0.005775526588332327,-0.005758880297096702,-0.5775526588332327
2025-05-09,24008.0,24164.25,23935.75,23935.75,335600,-0.011010503428714508,-0.0109501096942064,-1.1010503428714509
2025-05-12,24924.69921875,24944.80078125,24378.849609375,24420.099609375,368700,0.0374721401846667,0.038183073090219954,3.74721401846667
2025-05-13,24578.349609375,24973.80078125,24547.5,24864.05078125,423000,-0.013993290077199355,-0.01389583907654357,-1.3993290077199354
2025-05-14,24666.900390625,24767.55078125,24535.55078125,24613.80078125,345500,0.003596321541244558,0.0036027960647213586,0.35963215412445576
2025-05-15,25062.099609375,25116.25,24494.44921875,24694.44921875,500800,0.015894449466611917,0.01602143814146184,1.5894449466611917
2025-05-16,25019.80078125,25070.0,24953.05078125,25064.650390625,432700,-0.0016891866264205442,-0.0016877607536591732,-0.1689186626420544
2025-05-19,24945.44921875,25062.94921875,24916.650390625,25005.349609375,255300,-0.002976133107706799,-0.0029717088137536374,-0.2976133107706799
2025-05-20,24683.900390625,25010.349609375,24669.69921875,24996.19921875,414800,-0.010540184450815589,-0.010484831354666824,-1.0540184450815588
2025-05-21,24813.44921875,24946.19921875,24685.349609375,24744.25,332700,0.0052345883147392296,0.00524831270888626,0.5234588314739229
2025-05-22,24609.69921875,24737.5,24462.400390625,24733.94921875,403300,-0.008245170966734258,-0.008211272774042211,-0.8245170966734259
2025-05-23,24853.150390625,24909.05078125,24614.05078125,24639.5,270500,0.009843878373448323,0.009892488718005854,0.9843878373448323
2025-05-26,25001.150390625,25079.19921875,24900.5,24919.349609375,302800,0.0059373186446142635,0.005954979456279652,0.5937318644614263
2025-05-27,24826.19921875,25062.900390625,24704.099609375,24956.650390625,525700,-0.00702232377173064,-0.0069977248703164685,-0.702232377173064
2025-05-28,24752.44921875,24864.25,24737.05078125,24832.5,684400,-0.002975073210803887,-0.0029706520659956714,-0.2975073210803887
2025-05-29,24833.599609375,24892.599609375,24677.30078125,24825.099609375,345400,0.003273116733106363,0.003278479228775888,0.32731167331063626
2025-05-30,24750.69921875,24863.94921875,24717.400390625,24812.599609375,853900,-0.0033438193068198903,-0.00333823496911434,-0.334381930681989
2025-06-02,24716.599609375,24754.400390625,24526.150390625,24669.69921875,311100,-0.001378673005562118,-0.0013777230725331435,-0.1378673005562118
2025-06-03,24542.5,24845.099609375,24502.150390625,24786.30078125,349300,-0.007068758288164619,-0.007043833380258491,-0.7068758288164619
2025-06-04,24620.19921875,24644.25,24530.44921875,24560.44921875,280900,0.0031609038835467354,0.003165904807986175,0.3160903883546735
2025-06-05,24750.900390625,24899.849609375,24613.099609375,24691.19921875,388400,0.005294655304090157,0.005308696762106768,0.5294655304090157
2025-06-06,25003.05078125,25029.5,24671.44921875,24748.69921875,335600,0.010135980900817266,0.01018752395450262,1.0135980900817265
2025-06-09,25103.19921875,25160.099609375,25077.150390625,25160.099609375,279200,0.003997448256890138,0.004005448710087123,0.3997448256890138
2025-06-10,25104.25,25199.30078125,25055.44921875,25196.05078125,307300,4.18575835460567e-05,4.18584595869298e-05,0.00418575835460567
2025-06-11,25141.400390625,25222.400390625,25081.30078125,25134.150390625,301200,0.001478750781646587,0.0014798446727146697,0.1478750781646587
2025-06-12,24888.19921875,25196.19921875,24825.900390625,25164.44921875,328300,-0.010122141121121413,-0.010071084662786611,-1.0122141121121413
2025-06-13,24718.599609375,24754.349609375,24473.0,24473.0,318700,-0.006837783295332098,-0.006814458847919758,-0.6837783295332098
2025-06-16,24946.5,24967.099609375,24703.599609375,24732.349609375,305800,0.00917755091754434,0.00921979376770854,0.917755091754434
2025-06-17,24853.400390625,24982.05078125,24813.69921875,24977.849609375,242400,-0.0037389519699400583,-0.0037319707924959866,-0.3738951969940058
2025-06-18,24812.05078125,24947.55078125,24750.44921875,24788.349609375,237600,-0.0016651260767121068,-0.0016637405234334324,-0.16651260767121068
2025-06-19,24793.25,24863.099609375,24733.400390625,24803.25,274600,-0.0007580150449296773,-0.0007577278241026608,-0.07580150449296773
2025-06-20,25112.400390625,25136.19921875,24783.650390625,24787.650390625,574700,0.012790324902965947,0.01287247095983779,1.2790324902965948
2025-06-23,24971.900390625,25057.0,24824.849609375,24939.75,248500,-0.005610555258512813,-0.0055948454872697395,-0.5610555258512814
2025-06-24,25044.349609375,25317.69921875,24999.69921875,25179.900390625,450200,0.0028970292423300638,0.0029012296868362597,0.28970292423300636
2025-06-25,25244.75,25266.80078125,25125.05078125,25150.349609375,260600,0.00796997571939643,0.008001820520425307,0.796997571939643
2025-06-26,25549.0,25565.30078125,25259.900390625,25268.94921875,428900,0.011979963629751521,0.012052010814129765,1.1979963629751522
2025-06-27,25637.80078125,25654.19921875,25523.55078125,25576.650390625,564000,0.00346967847107354,0.003475704773181043,0.346967847107354
2025-06-30,25517.05078125,25669.349609375,25473.30078125,25661.650390625,271000,-0.004720968611190444,-0.004709842354665206,-0.47209686111904436
2025-07-01,25541.80078125,25593.400390625,25501.80078125,25551.349609375,260700,0.0009694695897414579,0.0009699396772837598,0.09694695897414579
2025-07-02,25453.400390625,25608.099609375,25378.75,25588.30078125,309800,-0.0034670116851196766,-0.0034610085397696055,-0.34670116851196764
2025-07-03,25405.30078125,25587.5,25384.349609375,25505.099609375,293400,-0.0018915002785163046,-0.00188971251922454,-0.18915002785163046
2025-07-04,25461.0,25470.25,25331.650390625,25428.849609375,193500,0.0021900252291445488,0.0021924250859925998,0.21900252291445488
2025-07-07,25461.30078125,25489.80078125,25407.25,25450.44921875,196100,1.181334092876479e-05,1.1813410706551508e-05,0.0011813340928764789
2025-07-08,25522.5,25548.05078125,25424.150390625,25427.849609375,210400,0.0024007330644550996,0.0024036171315751087,0.24007330644550995
2025-07-09,25476.099609375,25548.69921875,25424.349609375,25514.599609375,239100,-0.0018196736296237606,-0.00181801902732881,-0.18196736296237606
2025-07-10,25355.25,25524.05078125,25340.44921875,25511.650390625,219600,-0.004754933244868607,-0.004743646446198069,-0.47549332448686077
2025-07-11,25149.849609375,25322.44921875,25129.0,25255.5,250000,-0.00813389240519248,-0.008100901810276007,-0.813389240519248
2025-07-14,25082.30078125,25151.099609375,25001.94921875,25149.5,259500,-0.0026894675348791744,-0.002685854157148504,-0.26894675348791747
2025-07-15,25195.80078125,25245.19921875,25088.44921875,25089.5,241300,0.004514895720960817,0.004525103218794291,0.45148957209608165
2025-07-16,25212.05078125,25255.30078125,25121.05078125,25196.599609375,228800,0.0006447408512447503,0.0006449487413033861,0.06447408512447503
2025-07-17,25111.44921875,25238.349609375,25101.0,25230.75,243400,-0.003998199509757984,-0.003990217351728331,-0.3998199509757984
2025-07-18,24968.400390625,25144.599609375,24918.650390625,25108.55078125,317000,-0.005712845317742711,-0.0056965580472427835,-0.5712845317742711
2025-07-21,25090.69921875,25111.400390625,24882.30078125,24999.0,305200,0.004886187422514114,0.004898144302865282,0.48861874225141144
2025-07-22,25060.900390625,25182.0,25035.55078125,25166.650390625,483700,-0.0011883501967580668,-0.0011876443882732346,-0.11883501967580667
2025-07-23,25219.900390625,25233.5,25085.5,25139.349609375,271500,0.006324502693684897,0.006344544590244583,0.6324502693684897
2025-07-24,25062.099609375,25246.25,25018.69921875,25243.30078125,338700,-0.006276651657225533,-0.006256994627491075,-0.6276651657225533
2025-07-25,24837.0,25010.349609375,24806.349609375,25010.349609375,278100,-0.009022252428611252,-0.008981674037030651,-0.9022252428611253
2025-07-28,24680.900390625,24889.19921875,24646.599609375,24782.44921875,262100,-0.006304795850755804,-0.006284962329387578,-0.6304795850755803
2025-07-29,24821.099609375,24847.150390625,24598.599609375,24609.650390625,284700,0.005664401180259817,0.005680474234370125,0.5664401180259817
2025-07-30,24855.05078125,24902.30078125,24771.94921875,24890.400390625,243900,0.001366900490246142,0.001367835124523431,0.1366900490246142
2025-07-31,24768.349609375,24956.5,24635.0,24642.25,346300,-0.003494369971240235,-0.0034882717656889994,-0.34943699712402354
2025-08-01,24565.349609375,24784.150390625,24535.05078125,24734.900390625,263400,-0.008229715141942045,-0.008195943742782208,-0.8229715141942046
2025-08-04,24722.75,24736.25,24554.0,24596.05078125,259300,0.006386974825463857,0.006407415043054421,0.6386974825463857
2025-08-05,24649.55078125,24733.099609375,24590.30078125,24720.25,251800,-0.0029651959185494695,-0.0029608040671041946,-0.2965195918549469
2025-08-06,24574.19921875,24671.400390625,24539.19921875,24641.349609375,225100,-0.003061596134311999,-0.003056914228121266,-0.3061596134311999
2025-08-07,24596.150390625,24634.19921875,24344.150390625,24464.19921875,616700,0.0008928622028389917,0.0008932609229541644,0.08928622028389917
2025-08-08,24363.30078125,24585.5,24337.5,24544.25,312600,-0.00951200879308063,-0.009466912735407229,-0.951200879308063
2025-08-11,24585.05078125,24600.849609375,24347.44921875,24371.5,241100,0.009060632685991908,0.009101804471857822,0.9060632685991908
2025-08-12,24487.400390625,24702.599609375,24465.650390625,24563.349609375,237000,-0.003979850901478695,-0.003971941790719136,-0.3979850901478695
2025-08-13,24619.349609375,24664.55078125,24535.25,24586.19921875,236000,0.0053739877432256436,0.005388453516712133,0.5373987743225643
2025-08-14,24631.30078125,24673.650390625,24596.900390625,24607.25,270200,0.00048532037708285097,0.00048543816407109475,0.0485320377082851
2025-08-18,24876.94921875,25022.0,24852.849609375,24938.19921875,363100,0.009923616908863717,0.009973019276634965,0.9923616908863717
2025-08-19,24980.650390625,25012.650390625,24873.94921875,24891.349609375,252300,0.004159900285259885,0.004168564680625764,0.41599002852598854
2025-08-20,25050.55078125,25088.69921875,24929.69921875,24965.80078125,287100,0.002794273751954044,0.0027981813736617234,0.2794273751954044
2025-08-21,25083.75,25153.650390625,25054.900390625,25142.0,226500,0.0013244115539841486,0.0013252889742787488,0.13244115539841486
2025-08-22,24870.099609375,25084.849609375,24859.150390625,25064.150390625,210200,-0.008553963109247331,-0.008517482060098724,-0.8553963109247331
2025-08-25,24967.75,25021.55078125,24894.349609375,24949.150390625,213000,0.003918729092601476,0.003926417350905487,0.3918729092601476
2025-08-26,24712.05078125,24919.650390625,24689.599609375,24899.5,750500,-0.010293981565065833,-0.010241179872034878,-1.0293981565065833
2025-08-28,24500.900390625,24702.650390625,24481.599609375,24695.80078125,326600,-0.00858114302373062,-0.008544430103923584,-0.858114302373062
2025-08-29,24426.849609375,24572.44921875,24404.69921875,24466.69921875,325500,-0.003026946376657732,-0.0030223697933294824,-0.3026946376657732
2025-09-01,24625.05078125,24635.599609375,24432.69921875,24432.69921875,229300,0.008081328102276956,0.008114070174605414,0.8081328102276957
2025-09-02,24579.599609375,24756.099609375,24522.349609375,24653.0,271600,-0.0018474345185382894,-0.0018457290617897026,-0.18474345185382893
2025-09-03,24715.05078125,24737.05078125,24533.19921875,24616.5,340300,0.005495586709857895,0.0055107151470170646,0.5495586709857895
2025-09-04,24734.30078125,24980.75,24708.19921875,24980.75,314100,0.0007785744550393448,0.0007788776228048189,0.07785744550393449
2025-09-05,24741.0,24832.349609375,24621.599609375,24818.849609375,210100,0.0002708106342015157,0.00027084730671167456,0.02708106342015157
2025-09-08,24773.150390625,24885.5,24751.55078125,24802.599609375,213200,0.0012986346282709543,0.0012994782193525012,0.12986346282709543
2025-09-09,24868.599609375,24891.80078125,24814.0,24864.099609375,226900,0.0038455266535053208,0.003852930178235292,0.38455266535053206
2025-09-10,24973.099609375,25035.69921875,24915.05078125,24991.0,244100,0.004193282121674665,0.0042020862308871365,0.41932821216746646
2025-09-11,25005.5,25037.30078125,24940.150390625,24945.5,224600,0.0012965707489705478,0.0012974116602184615,0.12965707489705477
2025-09-12,25114.0,25139.44921875,25038.05078125,25074.44921875,225700,0.004329658895022681,0.004339045410009845,0.4329658895022681
2025-09-15,25069.19921875,25138.44921875,25048.75,25118.900390625,185400,-0.001785489719644452,-0.0017838966811339896,-0.1785489719644452
2025-09-16,25239.099609375,25261.400390625,25070.44921875,25073.599609375,240100,0.0067543940269436074,0.006777256391098607,0.6754394026943608
2025-09-17,25330.25,25346.5,25275.349609375,25276.599609375,268900,0.003604969810507005,0.003611475529465391,0.3604969810507005
2025-09-18,25423.599609375,25448.94921875,25329.75,25441.05078125,272200,0.0036785274558399,0.0036853015416349333,0.36785274558399
2025-09-19,25327.05078125,25428.75,25286.30078125,25410.19921875,380400,-0.0038048357551339826,-0.0037976065391384095,-0.3804835755133983
2025-09-22,25202.349609375,25331.69921875,25151.05078125,25238.099609375,254500,-0.00493579674708062,-0.004923635718664832,-0.49357967470806197
2025-09-23,25169.5,25261.900390625,25084.650390625,25209.0,299200,-0.001304284606843299,-0.0013034343973540308,-0.13042846068432992
2025-09-24,25056.900390625,25149.849609375,25027.44921875,25108.75,244400,-0.004483689738311146,-0.00447365300760838,-0.44836897383111457
2025-09-25,24890.849609375,25092.69921875,24878.30078125,25034.5,342500,-0.006649003929024595,-0.006626948212322681,-0.6649003929024595
2025-09-26,24654.69921875,24868.599609375,24629.44921875,24818.55078125,291500,-0.009532730366893805,-0.009487437927231501,-0.9532730366893805
2025-09-29,24634.900390625,24791.30078125,24606.19921875,24728.55078125,394400,-0.0008033674181471517,-0.0008030448049409777,-0.08033674181471517
2025-09-30,24611.099609375,24731.80078125,24587.69921875,24691.94921875,303000,-0.0009666077692868598,-0.0009661407544825362,-0.09666077692868598
2025-10-01,24836.30078125,24867.94921875,24605.94921875,24620.55078125,308900,0.009108779315782467,0.009150390492475902,0.9108779315782467
2025-10-03,24894.25,24904.80078125,24747.55078125,24759.55078125,365900,0.0023305289834215856,0.0023332467769816567,0.23305289834215856
2025-10-06,25077.650390625,25095.94921875,24881.650390625,24916.55078125,268800,0.007340173682814145,0.007367178791287232,0.7340173682814145
2025-10-07,25108.30078125,25220.900390625,25076.30078125,25085.30078125,288000,0.0012214730903828323,0.0012222193924698033,0.12214730903828323
2025-10-08,25046.150390625,25192.5,25008.5,25079.75,227400,-0.0024783611817054724,-0.0024752925801897474,-0.24783611817054724
2025-10-09,25181.80078125,25199.25,25024.30078125,25074.30078125,286300,0.005401403691044332,0.005416017571936882,0.5401403691044332
2025-10-10,25285.349609375,25330.75,25156.849609375,25167.650390625,232900,0.004103618794970308,0.0041120501676790155,0.41036187949703085
2025-10-13,25227.349609375,25267.30078125,25152.30078125,25177.30078125,234300,-0.0022964532241035664,-0.0022938183927065925,-0.22964532241035665
2025-10-14,25145.5,25310.349609375,25060.55078125,25277.55078125,292100,-0.0032497538671527296,-0.003244479132464395,-0.324975386715273
2025-10-15,25323.55078125,25365.150390625,25159.349609375,25181.94921875,289900,0.007055869574947451,0.007080820872521931,0.7055869574947451
2025-10-16,25585.30078125,25625.400390625,25376.849609375,25394.900390625,372800,0.010283174673804386,0.010336228211479837,1.0283174673804387
2025-10-17,25709.849609375,25781.5,25508.599609375,25546.849609375,422100,0.0048561734175648985,0.004867983737610659,0.48561734175648985
2025-10-20,25843.150390625,25926.19921875,25788.5,25824.599609375,301100,0.0051714188632333265,0.005184813729964155,0.5171418863233327
2025-10-21,25868.599609375,25934.349609375,25825.80078125,25901.19921875,42500,0.000984272270986046,0.0009847568259027106,0.09842722709860459
2025-10-23,25891.400390625,26104.19921875,25862.44921875,26057.19921875,448400,0.0008810194252249848,0.0008814076368377499,0.08810194252249848
2025-10-24,25795.150390625,25944.150390625,25718.19921875,25935.099609375,284900,-0.0037243774174138414,-0.0037174505259611745,-0.37243774174138417
2025-10-27,25966.05078125,26005.94921875,25827.0,25843.19921875,266300,0.00660344071508198,0.006625291500029773,0.660344071508198
2025-10-28,25936.19921875,26041.69921875,25810.05078125,25939.94921875,395200,-0.0011502994876563522,-0.001149638146805021,-0.11502994876563521
2025-10-29,26053.900390625,26097.849609375,25960.30078125,25982.0,321900,0.004527837947802368,0.0045381040946781415,0.4527837947802368
2025-10-30,25877.849609375,26032.05078125,25845.25,25984.400390625,257400,-0.006780108726120027,-0.0067571756478100875,-0.6780108726120027
2025-10-31,25722.099609375,25953.75,25711.19921875,25863.80078125,334400,-0.006036845980053782,-0.006018660837397216,-0.6036845980053782
2025-11-03,25763.349609375,25803.099609375,25645.5,25696.849609375,23300,0.001602394830084992,0.0016036793506921665,0.16023948300849922
2025-11-04,25597.650390625,25787.400390625,25578.400390625,25744.75,305100,-0.006452358545521922,-0.006431586779760301,-0.6452358545521922
2025-11-06,25509.69921875,25679.150390625,25491.55078125,25593.349609375,371900,-0.0034418242922323408,-0.0034359080045569534,-0.34418242922323405
2025-11-07,25492.30078125,25551.25,25318.44921875,25433.80078125,305600,-0.0006822649376453303,-0.0006820322478444663,-0.06822649376453303
2025-11-10,25574.349609375,25653.44921875,25503.5,25503.5,243600,0.0032134043686110675,0.0032185728871263475,0.32134043686110675
2025-11-11,25694.94921875,25715.80078125,25449.25,25617.0,297700,0.004704563337770722,0.0047156471705849246,0.4704563337770722
2025-11-12,25875.80078125,25934.55078125,25781.150390625,25834.30078125,312600,0.007013755040664786,0.0070384090258497345,0.7013755040664785
2025-11-13,25879.150390625,26010.69921875,25808.400390625,25906.099609375,385200,0.00012944111834060272,0.00012944949620363744,0.012944111834060272
2025-11-14,25910.05078125,25940.19921875,25740.80078125,25767.900390625,518900,0.0011933141887742222,0.001194026471448284,0.11933141887742221
2025-11-17,26013.44921875,26024.19921875,25906.349609375,25948.19921875,281800,0.003982727442351947,0.0039906690408659795,0.3982727442351947
2025-11-18,25910.05078125,26029.849609375,25876.5,26021.80078125,280000,-0.003982727442351953,-0.003974806902018679,-0.3982727442351953
2025-11-19,26052.650390625,26074.650390625,25856.19921875,25918.099609375,250100,0.005488550984983714,0.005503640675154298,0.5488550984983714
2025-11-20,26192.150390625,26246.650390625,26063.19921875,26132.099609375,240400,0.005340256999340202,0.005354541588221684,0.5340256999340203
2025-11-21,26068.150390625,26179.19921875,26052.19921875,26109.55078125,235600,-0.0047454848460117445,-0.0047342428227803435,-0.47454848460117444
2025-11-24,25959.5,26142.80078125,25912.150390625,26122.80078125,464700,-0.00417664636992243,-0.004167936312968079,-0.41766463699224304
2025-11-25,25884.80078125,26032.599609375,25857.5,25998.5,260500,-0.002881677226487561,-0.002877529180069005,-0.2881677226487561
2025-11-26,26205.30078125,26215.150390625,25842.94921875,25842.94921875,275300,0.012305756174877891,0.012381783530362567,1.230575617487789
2025-11-27,26215.55078125,26310.44921875,26141.900390625,26261.25,240300,0.0003910657620054032,0.0003911422381892571,0.03910657620054032
2025-11-28,26202.94921875,26280.75,26172.400390625,26237.44921875,202500,-0.0004808059270205712,-0.0004806903583736144,-0.04808059270205712
2025-12-01,26175.75,26325.80078125,26124.19921875,26325.80078125,213800,-0.001038560391932615,-0.0010380212747401751,-0.1038560391932615
2025-12-02,26032.19921875,26154.599609375,25997.849609375,26087.94921875,254800,-0.005499206353098099,-0.005484113396941881,-0.5499206353098098
2025-12-03,25986.0,26066.44921875,25891.0,26004.900390625,265700,-0.0017762718275890193,-0.0017746951904364927,-0.17762718275890194
2025-12-04,26033.75,26098.25,25938.94921875,25981.849609375,248100,0.0018358417105443499,0.0018375278996383138,0.18358417105443497
2025-12-05,26186.44921875,26202.599609375,25985.349609375,25999.80078125,249300,0.005848298407896911,0.005865433091659877,0.584829840789691
2025-12-08,25960.55078125,26178.69921875,25892.25,26159.80078125,320700,-0.008663963433110109,-0.00862653945989178,-0.8663963433110109
2025-12-09,25839.650390625,25923.650390625,25728.0,25867.099609375,276000,-0.004667959097577137,-0.004657081109092687,-0.4667959097577137
2025-12-10,25758.0,25947.650390625,25734.55078125,25864.05078125,207900,-0.003164890577820058,-0.0031598875909956137,-0.3164890577820058
2025-12-11,25898.55078125,25922.80078125,25693.25,25771.400390625,206100,0.005441754277616313,0.0054565875164998,0.5441754277616313
2025-12-12,26046.94921875,26057.599609375,25938.44921875,25971.19921875,216300,0.0057136360690816825,0.005729990019651465,0.5713636069081682
2025-12-15,26027.30078125,26047.150390625,25904.75,25930.05078125,181600,-0.0007546316435640039,-0.0007543469807149705,-0.0754631643564004
2025-12-16,25860.099609375,25980.75,25834.349609375,25951.5,264400,-0.006444791966669916,-0.006424068837574293,-0.6444791966669916
2025-12-17,25818.55078125,25929.150390625,25770.349609375,25902.400390625,206500,-0.0016079691231565723,-0.001606677033445636,-0.16079691231565724
2025-12-18,25815.55078125,25902.349609375,25726.30078125,25764.69921875,197600,-0.00011620227379163036,-0.00011619552256891819,-0.011620227379163035
2025-12-19,25966.400390625,25993.349609375,25880.44921875,25911.5,382900,0.005826355812965194,0.005843362036054733,0.5826355812965195
2025-12-22,26172.400390625,26180.69921875,26047.80078125,26055.849609375,253000,0.00790202570190833,0.00793332910611566,0.7902025701908331
2025-12-23,26177.150390625,26233.55078125,26119.05078125,26205.19921875,216600,0.00018147242687454733,0.00018148889399149937,0.018147242687454733
2025-12-24,26142.099609375,26236.400390625,26123.0,26170.650390625,188800,-0.0013398810760412456,-0.0013389838361685946,-0.13398810760412455
2025-12-26,26042.30078125,26144.19921875,26008.599609375,26121.25,142200,-0.0038248575837020187,-0.0038175521330050532,-0.3824857583702019
2025-12-29,25942.099609375,26106.80078125,25920.30078125,26063.349609375,234300,-0.0038550524856079535,-0.003847631310177624,-0.3855052485607953
2025-12-30,25938.849609375,25976.75,25878.0,25940.900390625,396900,-0.00012528683662081574,-0.00012527898855285713,-0.012528683662081574
2025-12-31,26129.599609375,26187.94921875,25969.0,25971.05078125,246300,0.007326926621050068,0.0073538342244390265,0.7326926621050068
2026-01-01,26146.55078125,26197.55078125,26113.400390625,26173.30078125,425600,0.0006485241297397655,0.0006487344669803274,0.06485241297397655
2026-01-02,26328.55078125,26340.0,26118.400390625,26155.099609375,357500,0.00693665088228735,0.006960765170238581,0.693665088228735
2026-01-05,26250.30078125,26373.19921875,26210.05078125,26333.69921875,338800,-0.002976484097528138,-0.0029720587604740167,-0.2976484097528138
2026-01-06,26178.69921875,26273.94921875,26124.75,26189.69921875,383000,-0.0027313741255683985,-0.0027276473171363724,-0.2731374125568399
2026-01-07,26140.75,26187.150390625,26067.900390625,26143.099609375,338200,-0.0014506737349826563,-0.001449622016468255,-0.14506737349826562
2026-01-08,25876.849609375,26133.19921875,25858.44921875,26106.5,328500,-0.010146667926064248,-0.010095364158449915,-1.0146667926064248
2026-01-09,25683.30078125,25940.599609375,25623.0,25840.400390625,348800,-0.007507725861466694,-0.007479613285493514,-0.7507725861466694
2026-01-12,25790.25,25813.150390625,25473.400390625,25669.05078125,275800,0.00415550786875295,0.004164153963733375,0.415550786875295
2026-01-13,25732.30078125,25899.80078125,25603.30078125,25897.349609375,339500,-0.002249471049361169,-0.002246942885392733,-0.22494710493611692
2026-01-14,25665.599609375,25791.75,25603.94921875,25648.55078125,393100,-0.002595483815978393,-0.00259211846006413,-0.2595483815978393
2026-01-16,25694.349609375,25873.5,25662.400390625,25696.05078125,434000,0.0011195495104741853,0.0011201764399650926,0.11195495104741854
2026-01-19,25585.5,25653.30078125,25494.349609375,25653.099609375,443100,-0.004245323404225256,-0.004236324757381116,-0.42453234042252563
2026-01-20,25232.5,25585.0,25171.349609375,25580.30078125,409800,-0.013892938636022806,-0.013796877137441155,-1.3892938636022807
2026-01-21,25157.5,25300.94921875,24919.80078125,25141.0,395600,-0.0029767833055262707,-0.0029723570791637677,-0.29767833055262705
2026-01-22,25289.900390625,25435.75,25168.5,25344.150390625,486400,0.005249059162526262,0.00526285960946038,0.5249059162526262
2026-01-23,25048.650390625,25347.94921875,25025.30078125,25344.599609375,393900,-0.009585172530157553,-0.009539381186706164,-0.9585172530157553
2026-01-27,25175.400390625,25246.650390625,24932.55078125,25063.349609375,618700,0.0050473933153695125,0.005060152863462841,0.5047393315369513
2026-01-28,25342.75,25372.099609375,25187.650390625,25258.849609375,574900,0.006625350304204862,0.006647346488174222,0.6625350304204862
2026-01-29,25418.900390625,25458.150390625,25159.80078125,25345.0,582400,0.003000314101836464,0.0030048195489833507,0.30003141018364643
2026-01-30,25320.650390625,25370.69921875,25213.650390625,25247.55078125,508400,-0.003872723399525638,-0.003865234077404689,-0.3872723399525638
2026-02-02,25088.400390625,25108.099609375,24679.400390625,24796.5,449200,-0.00921468029121448,-0.00917235522852089,-0.9214680291214481
2026-02-03,25727.55078125,26341.19921875,25641.30078125,26308.05078125,637300,0.025156829049839922,0.025475932330218942,2.515682904983992
2026-02-04,25776.0,25818.55078125,25563.94921875,25675.05078125,429800,0.0018813938963879184,0.0018831648283172964,0.18813938963879184
2026-02-05,25642.80078125,25757.650390625,25579.5,25755.900390625,343800,-0.005180965509696233,-0.00516756745616076,-0.5180965509696234
2026-02-06,25693.69921875,25703.94921875,25491.900390625,25605.80078125,375500,0.001982934332408332,0.0019849016468285186,0.1982934332408332
2026-02-09,25867.30078125,25922.25,25780.900390625,25888.69921875,359400,0.006733857702297746,0.006756581098813275,0.6733857702297746
2026-02-10,25935.150390625,25989.44921875,25870.44921875,25922.650390625,460900,0.0026195535786092045,0.0026229876069705504,0.26195535786092045
2026-02-11,25953.849609375,26009.400390625,25899.80078125,25997.44921875,331400,0.0007207392533858182,0.0007209990483325601,0.07207392533858181
2026-02-12,25807.19921875,25906.69921875,25752.400390625,25906.69921875,419400,-0.005666453301894332,-0.00565042923620962,-0.5666453301894332
2026-02-13,25471.099609375,25630.349609375,25444.30078125,25571.150390625,453500,-0.013109031702560043,-0.01302348257655217,-1.3109031702560043
2026-02-16,25682.75,25697.0,25372.69921875,25423.599609375,275800,0.008275099528577884,0.008309432803093486,0.8275099528577884
2026-02-17,25725.400390625,25764.400390625,25570.30078125,25637.94921875,344100,0.0016592855446634625,0.00166066292063749,0.16592855446634625
2026-02-18,25819.349609375,25828.05078125,25645.150390625,25752.650390625,310200,0.0036453498285502696,0.003652002197183979,0.36453498285502695
2026-02-19,25454.349609375,25885.30078125,25388.75,25873.349609375,298200,-0.014237559265090531,-0.014136684522350174,-1.4237559265090531
2026-02-20,25571.25,25663.55078125,25379.75,25406.55078125,296600,0.00458203709696536,0.004592550680687868,0.458203709696536
2026-02-23,25713.0,25771.44921875,25609.349609375,25678.400390625,313700,0.00552802706402003,0.00554333479982394,0.552802706402003
2026-02-24,25424.650390625,25641.80078125,25327.599609375,25641.80078125,439100,-0.011277509359324957,-0.011214156627970318,-1.1277509359324958
2026-02-25,25482.5,25652.599609375,25428.19921875,25512.599609375,414200,0.0022727508349003555,0.002275335490801167,0.22727508349003556
2026-02-26,25496.55078125,25572.94921875,25400.94921875,25556.30078125,405200,0.000551237474627977,0.0005513894339252978,0.0551237474627977
2026-02-27,25178.650390625,25476.400390625,25141.30078125,25459.849609375,438900,-0.012546750821351201,-0.012468368500212268,-1.25467508213512
2026-03-02,24865.69921875,24989.349609375,24603.5,24659.25,519200,-0.012507116341135643,-0.012429227421638323,-1.2507116341135642
2026-03-04,24480.5,24602.44921875,24305.400390625,24388.80078125,599000,-0.015612430100429392,-0.015491187895474101,-1.5612430100429393
2026-03-05,24765.900390625,24854.19921875,24529.400390625,24615.94921875,504300,0.011590840491558407,0.011658274570576665,1.1590840491558407
2026-03-06,24450.44921875,24700.900390625,24415.75,24656.400390625,433400,-0.012819134056590225,-0.012737318930444053,-1.2819134056590225
2026-03-09,24028.05078125,24078.150390625,23697.80078125,23868.05078125,526900,-0.017426658301668632,-0.017275692308183932,-1.7426658301668632
2026-03-10,24261.599609375,24303.80078125,24079.94921875,24280.80078125,444300,0.009672907019832675,0.009719840791548862,0.9672907019832675
2026-03-11,23866.849609375,24299.0,23834.30078125,24231.849609375,407400,-0.016404386958885315,-0.01627056774308744,-1.6404386958885315
2026-03-12,23639.150390625,23833.150390625,23556.30078125,23674.849609375,501000,-0.009586198057198514,-0.009540396930332928,-0.9586198057198514
2026-03-13,23151.099609375,23492.400390625,23112.0,23462.5,519800,-0.020861973679950938,-0.02064586811222946,-2.086197367995094
2026-03-16,23408.80078125,23502.0,22955.25,23116.099609375,540300,0.011069774688696974,0.011131271353117311,1.1069774688696974
2026-03-17,23581.150390625,23656.80078125,23346.599609375,23493.19921875,458800,0.007335627211391066,0.007362598835607637,0.7335627211391066
2026-03-18,23777.80078125,23862.25,23618.44921875,23632.900390625,382900,0.008304724491583992,0.008339304375208911,0.8304724491583991
2026-03-19,23002.150390625,23378.69921875,22930.349609375,23197.75,550100,-0.03316469831760482,-0.03262077926216955,-3.3164698317604815
2026-03-20,23114.5,23345.150390625,23067.599609375,23110.150390625,663300,0.004872419427371909,0.004884308965338757,0.4872419427371909
2026-03-23,22512.650390625,22851.69921875,22471.25,22824.349609375,550300,-0.02638273543442679,-0.026037751600726855,-2.638273543442679
2026-03-24,22912.400390625,23057.30078125,22624.19921875,22878.44921875,538100,0.017600874978779452,0.017756683156527453,1.7600874978779453
2026-03-25,23306.44921875,23465.349609375,23063.19921875,23064.400390625,505400,0.0170518470014907,0.01719805962740728,1.7051847001490699
2026-03-27,22819.599609375,23186.099609375,22804.55078125,23173.55078125,612600,-0.0211103140979646,-0.02088905112938999,-2.11103140979646
2026-03-30,22331.400390625,22714.099609375,22283.849609375,22549.650390625,698600,-0.021626021374847804,-0.02139385559374285,-2.1626021374847806
2026-04-01,22679.400390625,22941.30078125,22618.599609375,22899.0,518000,0.0154632634032261,0.015583438293735208,1.54632634032261
2026-04-02,22713.099609375,22782.30078125,22182.55078125,22383.400390625,495100,0.0014847926393626724,0.0014858954897207788,0.14847926393626723
2026-04-06,22968.25,22998.349609375,22542.94921875,22780.30078125,426400,0.01117099412238686,0.01123362266767347,1.117099412238686
2026-04-07,23123.650390625,23153.849609375,22719.30078125,22838.69921875,477000,0.006743092740219248,0.0067658785769486585,0.6743092740219248
2026-04-08,23997.349609375,24025.150390625,23828.5,23855.150390625,639300,0.03708747109816642,0.03778379295615997,3.7087471098166422
2026-04-09,23775.099609375,23990.75,23682.80078125,23909.05078125,466600,-0.009304593215623836,-0.009261439434677166,-0.9304593215623836
2026-04-10,24050.599609375,24074.05078125,23856.349609375,23880.55078125,481300,0.011521129932275736,0.011587753764504383,1.1521129932275735
2026-04-13,23842.650390625,23907.400390625,23555.599609375,23589.599609375,488800,-0.008683917902558702,-0.008646321593950623,-0.8683917902558702
2026-04-15,24231.30078125,24280.900390625,24145.80078125,24163.80078125,460300,0.01616920800628811,0.016300637062472756,1.616920800628811
2026-04-16,24196.75,24400.94921875,24102.80078125,24385.19921875,508000,-0.0014268915041919185,-0.0014258739785333319,-0.14268915041919183
2026-04-17,24353.55078125,24371.900390625,24096.05078125,24165.900390625,498600,0.0064593349128548826,0.006480241406387144,0.6459334912854883
2026-04-20,24364.849609375,24480.650390625,24241.25,24391.5,415900,0.0004638423362418336,0.00046394992773279853,0.04638423362418336
2026-04-21,24576.599609375,24601.69921875,24354.900390625,24374.55078125,425800,0.00865325096320232,0.008690798564113589,0.8653250963202319
2026-04-22,24378.099609375,24515.94921875,24352.900390625,24470.849609375,440500,-0.00810958257469758,-0.00807678861823835,-0.810958257469758
2026-04-23,24173.05078125,24310.19921875,24134.80078125,24202.349609375,467500,-0.008446763696540498,-0.008411190019346093,-0.8446763696540498
2026-04-24,23897.94921875,24206.0,23813.650390625,24100.55078125,438400,-0.011445760055327719,-0.011380506539678703,-1.1445760055327718
2026-04-27,24092.69921875,24130.69921875,23936.19921875,23945.44921875,430300,0.008116209111611542,0.008149234824183171,0.8116209111611542
2026-04-28,23995.69921875,24181.80078125,23957.05078125,24049.900390625,554100,-0.004034242549507945,-0.004026115924964935,-0.4034242549507945
2026-04-29,24177.650390625,24334.69921875,24059.94921875,24096.900390625,531100,0.0075540537904852266,0.007582657634449097,0.7554053790485227
2026-04-30,23997.55078125,24087.44921875,23796.849609375,23996.94921875,505500,-0.007476894502422098,-0.007449012061355398,-0.7476894502422098
2026-05-04,24119.30078125,24290.19921875,24004.75,24063.55078125,419100,0.005060607910890723,0.005073434414612388,0.5060607910890723
2026-05-05,24032.80078125,24081.69921875,23882.05078125,24052.599609375,363300,-0.0035927857866665616,-0.0035863394542201554,-0.35927857866665613
2026-05-06,24330.94921875,24356.5,23997.900390625,24171.0,429200,0.012329573885162747,0.01240589643353629,1.2329573885162748
2026-05-07,24326.650390625,24482.099609375,24284.0,24398.5,440600,-0.0001766970903084699,-0.00017668148029703623,-0.01766970903084699
2026-05-08,24176.150390625,24253.80078125,24126.650390625,24233.650390625,335900,-0.0062058471093194715,-0.006186630612244115,-0.6205847109319471
2026-05-11,23815.849609375,23997.44921875,23799.099609375,23970.099609375,390100,-0.015015317164036516,-0.014903149402549887,-1.5015317164036515
2026-05-12,23379.55078125,23757.55078125,23348.400390625,23722.599609375,447500,-0.018489566950081734,-0.018319683541890175,-1.8489566950081735
2026-05-13,23412.599609375,23582.94921875,23262.55078125,23362.44921875,415400,0.001412580244529267,0.0014135784059419176,0.1412580244529267
2026-05-14,23689.599609375,23777.19921875,23426.55078125,23530.25,428700,0.011761794478008175,0.011831236369372666,1.1761794478008176
2026-05-15,23643.5,23839.30078125,23610.30078125,23731.400390625,408900,-0.0019478810528585342,-0.0019459851637491088,-0.1947881052858534
2026-05-18,23649.94921875,23695.650390625,23317.099609375,23482.19921875,392000,0.0002727320124251536,0.0002727692071817778,0.02727320124251536
2026-05-19,23618.0,23782.30078125,23587.19921875,23675.30078125,442000,-0.0013518345578153919,-0.0013509212410769411,-0.13518345578153917
2026-05-20,23659.0,23690.900390625,23397.30078125,23457.25,344100,0.0017344590510618102,0.0017359640951817301,0.17344590510618102
2026-05-21,23654.69921875,23859.900390625,23596.599609375,23830.05078125,348200,-0.00018179856290503812,-0.00018178203854768427,-0.018179856290503813
2026-05-22,23719.30078125,23835.650390625,23671.0,23671.19921875,336100,0.0027273020029192283,0.002731024474358801,0.27273020029192285
2026-05-25,24031.69921875,24054.44921875,23922.849609375,23940.25,351200,0.013084663968970206,0.01317064277657587,1.3084663968970207
2026-05-26,23913.69921875,24089.80078125,23885.44921875,24004.099609375,387900,-0.004922275842741698,-0.004910181295375682,-0.4922275842741698
2026-05-27,23907.150390625,23983.19921875,23858.25,23880.349609375,531600,-0.0002738900801400246,-0.00027385257567613674,-0.027389008014002462
2026-05-29,23547.75,24002.80078125,23484.75,23902.150390625,1198000,-0.015147319219471595,-0.015033175629577955,-1.5147319219471596
